参照,種類,問題,答え,解説,VeritasSentinel,ArithmeticGuardian,EvidenceEvaluator,TerminologyInspector,ClarityReviewer,RequirementAdherenceChecker,final_feedback,final_score,answer
01.md,穴埋め問題,鉄道事業者は、施設、車両の設計及び維持管理並びに運行を行うにあたって、省令の範囲内で個々の鉄道事業者の実状を反映した詳細な_____を策定することとする。,実施基準,実施基準は、鉄道事業者が各自の特性や状況に応じて具体的な運行や管理の方法を定めるための重要な指針です。これにより、安全性や効率性が高まります。,2.0,N/A,4.0,5.0,4.0,5.0,"評価プロセス:  
1. 情報の読み込み:  
   - 解答：「実施基準」  
   - 採点対象：「詳細な_____を策定することとする。」  
2. 情報の比較:  
   - 解答に記載されている「実施基準」は、採点対象の空欄に入る適切な言葉として考えられるが、採点対象には「詳細な」という形容詞がついているため、具体的な基準や計画に関連するキーワードが求められている。  
   - 採点対象には「実施基準」という言葉が具体的に示されていないため、解答は採点対象の意図を完全には反映していない。  
3. 不足情報のリストアップ:  
   - 不足情報: 「詳細な基準」や「具体的な計画」など、より具体的な表現が必要。  
4. 評価値の算出:  
   - 解答は一部の重要な情報を欠いているため、評価は「2点」とする。  
評価結果: 【2】点  
- 理由: 解答は「実施基準」として適切な言葉を提供しているが、採点対象の求める具体性や詳細さが不足している。
【N/A】点  
理由: 問題には計算が含まれておらず、したがって評価対象外であるため。
【4】点  
理由: 採点対象は「詳細な_____を策定することとする」という問題文の意図に関連しており、鉄道事業者が具体的な基準を策定することを示しています。ただし、「実施基準」という用語が具体的にどのように関連するかの説明が不足しているため、具体性に若干欠ける部分があります。全体的には信頼性が高く、問題に関連しているため、4点と評価しました。
1. 情報の読み込み:  
   - 問題文の専門用語：「鉄道事業者」「施設」「車両の設計」「維持管理」「運行」「省令」「詳細な」  
   - 採点対象の専門用語：「実施基準」  
2. 用語の正確性の確認:  
   - 採点対象の「実施基準」は、鉄道事業者が省令に基づいて策定する具体的な基準を指すものであり、文脈において適切に使用されている。  
   - 「実施基準」は、設計や維持管理、運行に関連する具体的な基準を示すため、文脈に合致している。  
3. 文脈との整合性の評価:  
   - 専門用語「実施基準」は、文脈において求められている「詳細な基準」として適切に機能しており、誤解を生むような使われ方はしていない。  
4. 評価値の算出:  
   - 専門用語の使用は正確であり、文脈との整合性も完全であるため「5点」とする。  
- 評価結果: 【5】点  
  - 理由: 専門用語がすべて適切かつ正確に使用されており、文脈との整合性も完全であるため。
【4】点  
理由: 採点対象は全体的に論理的で要点が整理されているが、一部の表現がやや冗長であり、簡潔さに欠ける部分が見受けられる。
1. 問題の要求の特定:  
   - 空欄に入る適切な言葉を求めている。具体的には「詳細な_____」に入る言葉を考える必要がある。
2. 採点対象の確認:  
   - 「実施基準」という言葉が提案されている。
3. 不足や誤りの確認:  
   - 「実施基準」は、鉄道事業者が省令に基づいて策定する具体的な基準として適切であり、文脈にも合致している。したがって、内容は問題文の要求を満たしている。
4. 評価値の算出:  
   - 問題文の要求を完全に満たしており、内容が適切で正確であるため「5点」とする。
- 評価結果:  
  - 【5】点（問題文の要求を完全に満たしており、内容が適切で正確である）。",3.33,"Question: 鉄道事業者は、施設、車両の設計及び維持管理並びに運行を行うにあたって、省令の範囲内で個々の鉄道事業者の実状を反映した詳細な_____を策定することとする。
Thought: この文は、鉄道事業者が省令に基づいて具体的な計画や基準を策定することを示しています。空欄に入る適切な言葉を見つけるために、鉄道に関連する技術基準や省令の内容を調べる必要があります。特に「詳細な」という形容詞がついているため、具体的な基準や計画に関連するキーワードを探すのが良いでしょう。

Action: RailwayTechnicalKeywordSearcher  
Action Input: 「設計」「維持管理」「運行」  "
01.md,穴埋め問題,実施基準は、本解釈基準を参考に定めるものとするが、技術的実績に応じ、実証データによる確認や_____等客観的な検討方法により、鉄道事業者が省令への適合を証明した場合には、本解釈基準によらない構造等を妨げないものであり、届出をする際にその根拠等について説明をすることとする。,理論解析,理論解析は、実績やデータに基づいて検討を行うことで、より正確な適合性を確認できる手法です。これにより、鉄道事業者は独自の工法や技術を導入する余地が生まれ、発展につながります。,1.0,N/A,4.0,5.0,4.0,1.0,"評価プロセス:  
1. 情報の読み込み:  
   - 解答：「実施基準」「本解釈基準を参考」「技術的実績」「実証データによる確認」「理論解析」「客観的な検討方法」「鉄道事業者が省令への適合を証明」「本解釈基準によらない構造等を妨げない」  
   - 採点対象：「理論解析」  
2. 情報の比較:  
   - 採点対象は解答の中で重要な情報の一部である「理論解析」のみを記載しており、他の重要な情報が全く含まれていない（不足情報）。  
   - 採点対象には過剰情報はない。  
3. 不足情報のリストアップ:  
   - 不足情報: 「実施基準」「本解釈基準を参考」「技術的実績」「実証データによる確認」「客観的な検討方法」「鉄道事業者が省令への適合を証明」「本解釈基準によらない構造等を妨げない」  
4. 評価値の算出:  
   - 重要な情報がほとんど記載されておらず、誤りはないが、情報の欠如が著しいため、評価は「1点」とする。  
評価結果: 【1】点  
理由: 重要な情報がほとんど記載されておらず、解答の内容が非常に不足している。
評価結果: N/A  
理由: 採点対象には計算が含まれておらず、したがって評価対象外であるため。
評価結果: 【4】点  
理由: 採点対象は「理論解析」という具体的な手法を挙げており、問題文の内容に関連している。しかし、問題文の「実証データによる確認や理論解析等客観的な検討方法」という部分に対して、具体的な文脈や詳細な説明が不足しているため、信頼性は高いが一部具体性に欠ける。
評価プロセス:  
1. 情報の読み込み:  
   - 問題文の専門用語：「実施基準」「解釈基準」「技術的実績」「実証データ」「理論解析」「客観的な検討方法」「鉄道事業者」「省令」「適合」「構造」  
   - 採点対象の専門用語：「実施基準」「解釈基準」「技術的実績」「実証データ」「理論解析」「客観的な検討方法」「鉄道事業者」「省令」「適合」「構造」  
2. 用語の正確性の確認:  
   - 採点対象の「理論解析」は、問題文における「理論解析」と同じ意味で使用されており、正確である。  
   - 他の専門用語も問題文と一致しており、誤解を生むような使われ方は見受けられない。  
3. 文脈との整合性の評価:  
   - 専門用語の使用は文脈において適切であり、整合性も保たれている。  
4. 評価値の算出:  
   - 専門用語がすべて適切かつ正確に使用されており、文脈との整合性も完全であるため「5点」とする。  
評価結果: 【5】点  
理由: 専門用語がすべて適切かつ正確に使用されており、文脈との整合性も完全であるため。
【4】点  
理由: 採点対象は全体的に論理的で要点が整理されているが、一部の表現がやや冗長であり、もう少し簡潔にまとめることができたと思われる。
1. 問題の要求の特定:  
   - 問題文は「実施基準」に関する内容を求めており、具体的には「技術的実績に応じた確認方法」についての要約や考察が期待されている。
2. 採点対象の確認:  
   - 解答は「理論解析」とのみ記載されており、具体的な内容や文脈が欠けている。
3. 不足や誤りの確認:  
   - 解答は問題文の要求に対して非常に不十分であり、具体的な要約や考察が示されていないため、問題文の要求をほとんど満たしていないと判断される。
4. 評価値の算出:  
   - 問題文の要求をほとんど満たしておらず、内容が不適切であるため「1点」とする。
- 評価結果:  
  - 【1】点（問題文の要求をほとんど満たしておらず、内容が不適切または大幅に逸脱している）。",2.5,実施基準は、本解釈基準を参考に定めるものであり、技術的実績に応じ、実証データによる確認や理論解析等客観的な検討方法により、鉄道事業者が省令への適合を証明した場合には、本解釈基準によらない構造等を妨げないものである。
01.md,穴埋め問題,新幹線の騒音については、新幹線鉄道に係る環境基準によるものとするが、音源対策が_____の防止または軽減を図る上で最も基本的な施策であり、早期にその達成が困難なことから、環境省からの要請により、東海道、山陽、東北、上越の各新幹線については、当面、沿線の住宅の集合度合いに応じ、音源対策により順次75デシベル以下とすることを目標とする。,騒音,騒音は住環境に大きな影響を与えるため、その対策は非常に重要です。特に新幹線のような高速鉄道では、騒音が生活環境に与える影響を最小限に抑えることが求められています。,5.0,N/A,5.0,5.0,4.0,5.0,"1. 情報の読み込み:  
   - 解答：「音源対策」「騒音」「防止」「軽減」「基本的な施策」  
   - 採点対象：「音源対策」「騒音」「防止または軽減」「基本的な施策」  
2. 情報の比較:  
   - 解答に記載されている「音源対策」「騒音」「防止」「軽減」「基本的な施策」は、採点対象にも全て含まれている。  
   - 採点対象には過剰情報はない。  
3. 不足情報のリストアップ:  
   - 不足情報: なし  
4. 評価値の算出:  
   - 重要な情報が全て記載されており、誤りもないため、評価は「5点」とする。  
- 評価結果: 【5】点  
  - 理由: 重要な情報が全て記載されており、誤りが一切ない。
評価対象には計算が含まれていないため、本項目は評価対象外（N/A）とします。
評価結果: 【N/A】
【5】点  
理由: 採点対象の「騒音」は、問題文における「音源対策が『騒音』の防止または軽減を図る上で最も基本的な施策である」という記述に直接関連しており、具体的かつ信頼性の高い根拠を示している。問題に関係のない情報は含まれておらず、明確に問題の意図を反映しているため、評価は最高点となる。
評価結果: 【5】点  
理由: 専門用語「騒音」は採点対象において正確に使用されており、文脈との整合性も完全であるため、評価は最高点となる。
【4】点  
理由: 採点対象は論理的で要点が明確に整理されているが、一部の表現がやや冗長で、もう少し簡潔にまとめることができる。全体としては読みやすいが、さらなる簡潔さが求められる。
1. 問題の要求の特定:  
   - 問題文は「音源対策が『騒音』の防止または軽減を図る上で最も基本的な施策である」という内容から、騒音に関連する要素を抜き出すことを求めている。
2. 採点対象の確認:  
   - 解答は「騒音」となっており、問題文の中で重要なキーワードを正確に抜き出している。
3. 不足や誤りの確認:  
   - 解答は問題文の要求に対して適切であり、特に不足や誤りは見受けられない。
4. 評価値の算出:  
   - 問題文の要求を完全に満たしており、内容が適切で正確であるため「5点」とする。
- 評価結果:  
  - 【5】点（問題文の要求を完全に満たしており、内容が適切で正確である）。",4.0,音源対策が「騒音」の防止または軽減を図る上で最も基本的な施策である。
01.md,抽象問題,鉄道事業者が策定する実施基準の内容には、どのような要素が含まれるべきか、具体的に説明してください。,実施基準には、解釈基準により示された例示、設計方法、検証方法等が含まれ、数値化された具体的な内容が求められる。,実施基準は、鉄道の安全性や効率性を確保するために必要不可欠です。特に数値化された基準は、実際の運用において測定可能な形で効果を評価できるため、重要な役割を果たします。,3.0,N/A,4.0,4.0,4.0,4.0,"評価プロセス:  
1. 情報の読み込み:  
   - 解答には「実施基準」「解釈基準」「例示」「設計方法」「検証方法」「数値化された具体的な内容」が含まれている。  
   - 採点対象には「技術基準」「運行管理」「保守点検」「安全対策」「巡視基準」が含まれている。  
2. 情報の比較:  
   - 採点対象には解答に含まれる「解釈基準」「例示」「設計方法」「検証方法」が記載されていない（不足情報）。  
   - 採点対象には過剰情報はない。  
3. 不足情報のリストアップ:  
   - 不足情報: 「解釈基準」「例示」「設計方法」「検証方法」  
4. 評価値の算出:  
   - 重要な情報の一部が欠けているため、評価は「3点」とする。  
評価結果: 【3】点  
理由: 「解釈基準」「例示」「設計方法」「検証方法」が不足しているが、誤りや過剰情報はない。
評価対象には計算が含まれていないため、本項目は評価対象外（N/A）とします。
【4】点  
理由: 採点対象は実施基準に関する具体的な要素を挙げており、問題に関連しているが、具体的な数値や方法についての言及が不足しているため、信頼性は高いものの一部具体性に欠ける。
1. 情報の読み込み:  
   - 問題文の専門用語：「鉄道事業者」「実施基準」「技術基準」「運行管理」「保守点検」「安全対策」「巡視基準」  
   - 採点対象の専門用語：「実施基準」「解釈基準」「設計方法」「検証方法」  
2. 用語の正確性の確認:  
   - 採点対象の「実施基準」は問題文の「実施基準」と一致しており、正確に使用されている。  
   - 「解釈基準」は問題文には明示されていないが、関連する概念として使用されているため、文脈上許容できる。  
   - 「設計方法」「検証方法」は問題文に直接的に対応する用語ではないが、実施基準の内容に関連するため、適切に使用されていると考えられる。  
3. 文脈との整合性の評価:  
   - 専門用語の使用は概ね正確であり、文脈との整合性も高い。ただし、「解釈基準」の使用がやや不明確であるため、完全な整合性には欠ける部分がある。  
4. 評価値の算出:  
   - 専門用語の使用は適切であるが、一部文脈との整合性が完全ではないため「4点」とする。  
- 評価結果: 【4】点  
  - 理由: 専門用語の使用は正確だが、一部の文脈との整合性がやや不明確であるため減点。
【4】点  
理由: 採点対象は要点が整理されており、論理的に構成されているが、一部の表現がやや冗長であるため、簡潔さに欠ける部分が見受けられる。
1. 問題の要求の特定:  
   - 実施基準の内容に関する要素を挙げることが求められている。
2. 採点対象の確認:  
   - 解答は実施基準に含まれる要素を具体的に示しており、技術基準、運行管理、保守点検、安全対策、巡視基準といった重要な要素が挙げられている。
3. 不足や誤りの確認:  
   - 解答は問題文の要求を概ね満たしているが、具体的な数値や方法に関する言及が不足しているため、軽微な不足があると判断。
4. 評価値の算出:  
   - 問題文の要求を概ね満たしているが、具体性に欠ける部分があるため「4点」とする。
- 評価結果:  
  - 【4】点（問題文の要求を概ね満たしているが、軽微な不足がある）。",3.17,"鉄道事業者が策定する実施基準の内容には、以下のような要素が含まれるべきです：

1. **技術基準**: 車両や設備の設計、製造、運用に関する基準。
2. **運行管理**: 列車の運行計画、ダイヤ管理、運行指令に関する基準。
3. **保守点検**: 車両やインフラの定期点検、保守作業の基準。
4. **安全対策**: 事故防止のための措置、緊急時の対応手順。
5. **巡視基準**: 線区の状況や列車の運行状況に応じた巡視の頻度や方法。

これらの要素は、具体的な数値や方法に基づいて示されるべきです。"
01.md,抽象問題,新幹線に関する騒音の環境基準はどのように設定されているか、具体的に説明してください。,新幹線の騒音は、環境省の基準に基づき、音源対策により沿線の住宅の集合度合いに応じて75デシベル以下を目標としています。,騒音基準は、周辺住民の生活環境を守るために重要です。特に新幹線のように高速度で走行する鉄道では、騒音レベルが住居に与える影響を考慮して基準を設定する必要があります。,0.0,0.0,0.0,0.0,0.0,0.0,"評価結果: 【0】点  
理由: 採点対象は新幹線の騒音に関する具体的な情報を提供しておらず、データが見つからなかったという文言が含まれているため、重要な情報が全く記載されていない。
【0】点  
理由: 採点対象には計算が含まれておらず、データが見つからなかったという文言が含まれているため、評価基準に従いスコアは0点とする。
【0】点  
理由: 採点対象は新幹線に関する騒音の環境基準についての具体的な情報が得られなかったと述べており、根拠が問題に関連していないため、評価できる内容が存在しない。
【0】点  
理由: 採点対象には「新幹線に関する騒音の環境基準についての具体的な情報は得られませんでした」という文言が含まれており、情報が見つからなかったことを示しています。このため、専門用語の使用が適切であるかどうかを評価することができず、スコアは0点となります。
【0】点  
理由: 採点対象には「具体的な情報は得られませんでした」という文言が含まれており、情報が見つからなかったことを示しています。このため、論理的な構成や要点の整理ができておらず、評価基準を満たしていません。
【0】点（データが見つからなかったという文言が含まれており、問題文の要求を満たしていないため）",0.0,新幹線に関する騒音の環境基準についての具体的な情報は得られませんでした。おそらく、関連する技術基準や省令が存在するはずですが、検索結果が得られなかったため、詳細な説明を提供することができません。新幹線の騒音に関する環境基準については、関連する法令や技術文書を直接参照することをお勧めします。
01.md,抽象問題,普通鉄道の新設または大規模改良における騒音レベルの基準は何か、具体的に説明してください。,新設の場合、昼間は60デシベル以下、夜間は55デシベル以下とし、大規模改良は改良前より騒音レベルを改善することが求められる。,騒音レベルの基準は、住民の快適な生活を守るために設定されています。特に昼夜で異なる基準を設けることで、生活リズムに配慮した運行管理が求められます。,2.0,N/A,4.0,5.0,4.0,3.0,"1. 情報の読み込み:  
   - 解答：「新設の場合、昼間は60デシベル以下、夜間は55デシベル以下」「大規模改良は改良前より騒音レベルを改善することが求められる。」  
   - 採点対象：「普通鉄道の新設または大規模改良における騒音レベルの基準は、新幹線鉄道に係る環境基準に基づき、音源対策を通じて騒音を75デシベル以下に抑えることを目指しています。大規模改良では、騒音レベルの状況を改良前より改善することが求められています。」
2. 情報の比較:  
   - 採点対象には「新設の場合、昼間は60デシベル以下、夜間は55デシベル以下」という具体的な数値が記載されていない（不足情報）。  
   - 採点対象には「音源対策を通じて騒音を75デシベル以下に抑えることを目指しています」という重要な情報が含まれているが、採点対象にはその内容が記載されていない（不足情報）。  
   - 採点対象には過剰情報はない。
3. 不足情報のリストアップ:  
   - 不足情報: 「新設の場合、昼間は60デシベル以下、夜間は55デシベル以下」「音源対策を通じて騒音を75デシベル以下に抑えることを目指しています」
4. 評価値の算出:  
   - 重要な情報の一部が欠けているため、評価は「2点」とする。
- 評価結果: 【2】点  
  - 理由: 重要な情報の多くが不足しているが、誤りや過剰情報はない。
評価結果: N/A  
理由: 採点対象には計算が含まれておらず、したがって評価対象外であるため。
評価結果: 【4】点  
理由: 採点対象は問題に関連する情報を提供しており、騒音レベルの基準について具体的に言及している。ただし、「新設の場合、昼間は60デシベル以下、夜間は55デシベル以下」との記述は、問題文の内容を完全には反映していないため、具体性に若干欠ける部分がある。全体的には信頼性が高いが、もう少し具体的な根拠があれば5点に近づく。
1. 情報の読み込み:  
   - 問題文の専門用語：「騒音レベル」「基準」「音源対策」「新設」「大規模改良」  
   - 採点対象の専門用語：「騒音レベル」「昼間」「夜間」「大規模改良」「改善」  
2. 用語の正確性の確認:  
   - 採点対象の「昼間は60デシベル以下、夜間は55デシベル以下」は、問題文の基準に基づいており、正確に使用されている。  
   - 「大規模改良は改良前より騒音レベルを改善することが求められる」は、問題文の内容を正確に反映している。  
3. 文脈との整合性の評価:  
   - 専門用語の使用は適切であり、文脈との整合性も高い。特に、騒音レベルの基準に関する記述は問題文と一致している。  
4. 評価値の算出:  
   - 専門用語の使用はすべて適切かつ正確であり、文脈との整合性も完全であるため「5点」とする。  
- 評価結果: 【5】点  
  - 理由: 専門用語がすべて適切かつ正確に使用されており、文脈との整合性も完全であるため。
評価プロセス:  
1. 情報の読み込み:  
   - 解答は新設と大規模改良における騒音レベルの基準を述べており、要点が明確に整理されている。  
   - ただし、解答の一部が冗長であり、情報が重複している。  
2. 簡潔さの確認:  
   - 「新設の場合、昼間は60デシベル以下、夜間は55デシベル以下とし、大規模改良は改良前より騒音レベルを改善することが求められる。」という部分は簡潔だが、前半の説明がやや冗長である。  
3. 論理性の確認:  
   - 文章全体の意味は矛盾しておらず、情報は正確に伝わっている。  
4. 要点整理の確認:  
   - 要点は伝わるが、重複部分があるためやや読みづらい。  
5. 評価値の算出:  
   - 文章全体が正確で論理的だが、一部冗長な表現があるため「4点」とする。  
評価結果: 【4】点  
理由: 情報が正確で論理的だが、冗長な表現があり、簡潔さに欠ける。
1. 問題の要求の特定:  
   - 問題文は「普通鉄道の新設または大規模改良における騒音レベルの基準」についての情報を求めている。
2. 採点対象の確認:  
   - 採点対象は「新設の場合、昼間は60デシベル以下、夜間は55デシベル以下とし、大規模改良は改良前より騒音レベルを改善することが求められる。」という内容である。
3. 不足や誤りの確認:  
   - 採点対象は新設の騒音基準について具体的な数値を示しているが、問題文に記載されている「音源対策を通じて騒音を75デシベル以下に抑えることを目指す」という部分が抜けている。また、大規模改良に関しても「改良前より改善することが求められる」という内容は正しいが、具体的な数値が示されていないため、情報が不十分である。
4. 評価値の算出:  
   - 問題文の要求を部分的に満たしているが、具体的な数値や基準の全体像が欠けているため「3点」とする。
- 評価結果:  
  - 【3】点（問題文の要求を部分的に満たしているが不十分）。",3.0,普通鉄道の新設または大規模改良における騒音レベルの基準は、新幹線鉄道に係る環境基準に基づき、音源対策を通じて騒音を75デシベル以下に抑えることを目指しています。大規模改良では、騒音レベルの状況を改良前より改善することが求められています。
02.md,穴埋め問題,「列車等を操縦する_____」は、次のとおりとすること。,係員,係員は列車の安全運転に直接関与する重要な役割を担っており、その教育や訓練が不可欠である。運転に関する規定を理解し、適切な行動をとることが求められる。,0.0,0.0,0.0,0.0,0.0,0.0,"【0】点  
理由: 採点対象は「係員」という解答であり、解答に含まれる重要な情報が全く記載されておらず、また「残念ながら、...情報を取得することができませんでした」という文言が含まれているため、評価基準に従ってスコアは0点となる。
【0】点  
理由: 採点対象は計算を含まないため、評価対象外であるが、データが見つからなかったという文言が含まれているため、スコアは0点とする。
【0】点  
理由: 採点対象は「残念ながら、...情報を取得することができませんでした」と述べており、具体的な技術基準に関する情報が全く提示されていないため、問題に関連する根拠が存在しない。
【0】点  
理由: 解答には「残念ながら、情報を取得できませんでした」という文言が含まれており、これはデータが見つからなかったことを示しています。このため、専門用語の使用や文脈との整合性を評価することができず、スコアは0点となります。
【0】点  
理由: データが見つからなかったという文言が含まれており、論理性や要点整理が全くなされていないため、評価の対象にならない。
【0】点（データが見つからなかったという文言が含まれており、問題文の要求を満たしていないため）",0.0,残念ながら、「列車等を操縦する」に関連する具体的な技術基準の情報を取得することができませんでした。別のフレーズやキーワードで再度検索を試みることをお勧めします。
02.md,穴埋め問題,「施設及び車両の保守その他これに類する_____を行う係員」は、次のとおりとし、鉄道事業者が「施設及び車両の保守その他これに類する作業」を委託する場合にあっては、委託した作業を行う鉄道事業者に所属する係員以外の係員を含むものとすること。,作業,係員による保守作業は、鉄道の安全性と信頼性を確保するために不可欠であり、適切な資格を持つ係員が関与する必要がある。,1.0,N/A,4.0,4.0,4.0,3.0,"評価プロセス:  
1. 情報の読み込み:  
   - 解答：「施設及び車両の保守その他これに類する作業を行う係員」「鉄道事業者が委託する場合」「委託した作業を行う鉄道事業者に所属する係員以外の係員」「教育及び訓練の実施」「適性、知識及び技能の確認」「所属する鉄道事業者が実施要領を定めて行う」  
   - 採点対象：「作業」  
2. 情報の比較:  
   - 採点対象は「作業」という単語のみであり、解答に含まれる重要な情報がほとんど記載されていない（不足情報）。  
   - 採点対象には過剰情報はない。  
3. 不足情報のリストアップ:  
   - 不足情報: 「施設及び車両の保守その他これに類する作業を行う係員」「鉄道事業者が委託する場合」「委託した作業を行う鉄道事業者に所属する係員以外の係員」「教育及び訓練の実施」「適性、知識及び技能の確認」「所属する鉄道事業者が実施要領を定めて行う」  
4. 評価値の算出:  
   - 重要な情報がほとんど欠けているため、評価は「1点」とする。  
評価結果: 【1】点  
理由: 重要な情報がほとんど記載されておらず、誤りはないが、情報の欠如が非常に多い。
【N/A】点  
理由: 問題には計算が含まれておらず、したがって評価対象外であるため。
【4】点  
理由: 採点対象は「作業」という解答を提示しており、問題文における「施設及び車両の保守その他これに類する作業」に関連しています。ただし、具体的な作業内容やその重要性についての詳細が不足しているため、具体性に欠ける部分があると評価しました。全体的には問題に関連しており、信頼性も高いですが、もう少し具体的な情報があれば5点に近づくと考えられます。
【4】点  
理由: 専門用語「作業」は採点対象においても正確に使用されているが、文脈との整合性がやや不明確であり、具体的な内容が不足しているため、完全な評価には至らなかった。
【4】点  
理由: 内容は論理的で要点が整理されているが、一部表現がやや冗長で読みづらい部分があるため、満点には至らなかった。
【3】点（問題文の要求を部分的に満たしているが、不足や誤りが複数見られる）",2.67,「施設及び車両の保守その他これに類する作業を行う係員」は、鉄道事業者が委託する場合において、委託した作業を行う鉄道事業者に所属する係員以外の係員を含むことが定められています。また、係員に対する教育及び訓練の実施、適性、知識及び技能の確認は、当該係員の所属する鉄道事業者が実施要領を定めて行うこととされています。
02.md,穴埋め問題,「第３項の知識及び技能を十分に発揮できない状態のうち、１(1)の係員に対する_____の確認は、次のとおりとすること。」,酒気を帯びた状態,酒気帯びは運転の安全に直接影響を及ぼすため、確認が必須であり、その結果に基づいて適切な対応をとることが重要である。,0.0,0.0,0.0,0.0,0.0,0.0,"【0】点  
理由: 採点対象は「酒気を帯びた状態」という具体的な情報を提供しているが、解答は「残念ながら、関連する情報を見つけることができませんでした。」というエラー文であり、重要な情報が全く記載されていないため、スコアは0点となる。
【0】点  
理由: 採点対象には計算が含まれておらず、また「残念ながら、関連する情報を見つけることができませんでした」という文言が含まれているため、評価基準に従いスコアは0点とする。
【0】点  
理由: 採点対象は「残念ながら、関連する情報を見つけることができませんでした。」という内容であり、問題に関連する根拠や参照箇所を提示していないため、評価基準に従ってスコアは0点となる。
【0】点  
理由: 採点対象の解答は「酒気を帯びた状態」という専門用語を含んでいるが、文脈に関連する情報が見つからなかったため、専門用語の使用が適切であるかどうかを評価することができない。したがって、スコアは最低点となる。
【0】点  
理由: 採点対象は「残念ながら、関連する情報を見つけることができませんでした。」というエラーメッセージであり、論理的な文章や要点が整理されているとは言えず、読みにくい表現や冗長な説明が含まれているため、スコアは最低となる。
【0】点（データが見つからなかったという文言が含まれており、問題文の要求を全く満たしていないため。）",0.0,残念ながら、関連する情報を見つけることができませんでした。具体的な技術基準や関連する内容についての詳細が必要です。別のキーワードやフレーズを試してみることをお勧めします。
02.md,抽象問題,「列車等を操縦する係員に対する適性の確認は、どのような検査で行われるべきか？」,身体機能検査及び精神機能検査,これらの検査は、係員が運転業務を安全に遂行できるかを評価するために重要であり、身体的・精神的健康状態が運転の安全に直結するため、定期的な確認が求められる。,2.0,N/A,3.0,3.0,5.0,3.0,"1. 情報の読み込み:  
   - 解答：「身体機能検査及び精神機能検査」  
   - 採点対象：「教育、訓練、適性、知識、技能の確認」「酒気を帯びた状態の確認」  
2. 情報の比較:  
   - 解答に記載されている「身体機能検査及び精神機能検査」は、採点対象の「教育、訓練、適性、知識、技能の確認」と関連するが、具体的な内容が不足している。  
   - 採点対象には「酒気を帯びた状態の確認」が含まれているが、解答には記載されていない（不足情報）。  
   - 採点対象には過剰情報はない。  
3. 不足情報のリストアップ:  
   - 不足情報: 「教育、訓練、適性、知識、技能の確認」「酒気を帯びた状態の確認」  
4. 評価値の算出:  
   - 重要な情報の多くが欠けているため、評価は「2点」とする。  
- 評価結果: 【2】点  
  - 理由: 重要な情報の多くが不足しているが、誤りや過剰情報はない。
評価結果: N/A  
理由: 問題文および解答には計算が含まれていないため、評価対象外とする。
評価プロセス:
1. 情報の読み込み:  
   - 問題文: 「列車等を操縦する係員に対する適性の確認は、所属する鉄道事業者が定めた実施要領に基づいて、教育、訓練、適性、知識、技能の確認を行うべきです。また、酒気を帯びた状態の確認も必要です。」  
   - 採点対象: 「身体機能検査及び精神機能検査」
2. 根拠の特定と対応確認:  
   - 採点対象の「身体機能検査及び精神機能検査」は、問題文における「適性の確認」に関連しているが、具体的な実施要領や教育、訓練の内容には言及していない。
3. 具体性と信頼性の評価:  
   - 採点対象は問題に関連しているが、具体的な内容や実施方法についての詳細が不足しているため、具体性に欠ける。
4. 不要情報の確認:  
   - 採点対象には問題に関係のない情報は含まれていない。
5. 評価値の算出:  
   - 根拠が問題に関連しているが、具体性や信頼性が不足しているため、「3点」とする。
評価結果: 【3】点  
理由: 採点対象は問題に関連しているが、具体的な実施要領や教育内容についての詳細が欠けているため、妥当性が低下している。
1. 情報の読み込み:  
   - 問題文の専門用語：「適性」「教育」「訓練」「知識」「技能」「酒気を帯びた状態」  
   - 採点対象の専門用語：「身体機能検査」「精神機能検査」  
2. 用語の正確性の確認:  
   - 採点対象の「身体機能検査」と「精神機能検査」は、適性の確認に関連する専門用語として適切に使用されている。  
   - ただし、問題文における「教育」「訓練」「知識」「技能」との関連性が明確に示されていないため、文脈の整合性にやや欠ける。  
3. 文脈との整合性の評価:  
   - 採点対象は適性確認の一部としての検査を示しているが、問題文における教育や訓練の重要性が反映されていないため、全体的な文脈との整合性が不十分である。  
4. 評価値の算出:  
   - 専門用語の使用は概ね正確であるが、文脈の一部が不明確であるため「3点」とする。  
- 評価結果: 【3】点  
  - 理由: 専門用語の使用には軽微な誤りがあり、一部の用語が不適切な文脈で使われているため減点。
評価プロセス:  
1. 情報の読み込み:  
   - 採点対象は、身体機能検査及び精神機能検査という要点を簡潔に述べている。  
2. 簡潔さの確認:  
   - 表現は明確で、冗長な部分は見られない。  
3. 論理性の確認:  
   - 文章全体の意味は明確で、論理的に矛盾はない。  
4. 要点整理の確認:  
   - 要点が明確に整理されており、読みやすい。  
5. 評価値の算出:  
   - 内容が簡潔かつ論理的であり、要点が明確に整理されているため「5点」とする。  
評価結果: 【5】点  
- 理由: 内容が簡潔かつ論理的であり、要点が明確に整理されていて、非常に読みやすい。
評価プロセス:  
1. 問題の要求の特定:  
   - 問題文は「適性の確認」に関する内容を求めており、具体的には「教育、訓練、適性、知識、技能の確認」や「酒気を帯びた状態の確認」が含まれる。  
2. 採点対象の確認:  
   - 採点対象は「身体機能検査及び精神機能検査」となっているが、これは問題文の要求に対する具体的な内容の抜き出しや要約ではなく、単なる検査項目の列挙に過ぎない。  
3. 不足や誤りの確認:  
   - 採点対象は問題文の要求を部分的に満たしているが、具体的な内容や文脈が欠けており、全体的な適性確認のプロセスを反映していないため、不足と判断。  
4. 評価値の算出:  
   - 問題文の要求を部分的に満たしているが、具体性や文脈が不足しているため「3点」とする。  
評価結果:  
【3】点（問題文の要求を部分的に満たしているが不十分）。",2.67,列車等を操縦する係員に対する適性の確認は、所属する鉄道事業者が定めた実施要領に基づいて、教育、訓練、適性、知識、技能の確認を行うべきです。また、酒気を帯びた状態の確認も必要です。
02.md,抽象問題,「第１１条で規定されている『当該係員を乗務させなくても列車の安全な運転に支障がない場合』とは、どのような基準を満たす必要があるか？」,人等が容易に線路内に立ち入ることができない構造であり、列車の進路を支障する事態が発生するおそれがない,この基準は、運転中の安全性を確保するために設けられており、万が一の事態に備えることで、事故を防ぐ重要な要素である。,2.0,N/A,2.0,4.0,4.0,2.0,"評価プロセス:  
1. 情報の読み込み:  
   - 解答：「当該係員を乗務させなくても列車の安全な運転に支障がない場合」「施設及び車両の構造等により、特定の基準を満たす必要がある」「第36条第3号、第58条、第86条第2項に規定する基準に適合することが求められる」「係員に対する教育及び訓練の実施、適性、知識及び技能の確認が必要」  
   - 採点対象：「人等が容易に線路内に立ち入ることができない構造であり、列車の進路を支障する事態が発生するおそれがない」  
2. 情報の比較:  
   - 採点対象は解答に含まれる重要な情報の一部（特定の基準、教育及び訓練の実施など）を欠いている。  
   - 採点対象には過剰情報はない。  
3. 不足情報のリストアップ:  
   - 不足情報: 「特定の基準を満たす必要がある」「第36条第3号、第58条、第86条第2項に規定する基準に適合することが求められる」「係員に対する教育及び訓練の実施、適性、知識及び技能の確認が必要」  
4. 評価値の算出:  
   - 重要な情報の多くが欠けているため、評価は「2点」とする。  
評価結果: 【2】点  
理由: 重要な情報の多くが不足しているが、誤りや過剰情報はない。
評価結果: N/A  
理由: 採点対象には計算が含まれておらず、したがって評価対象外であるため。
評価プロセス:
1. 情報の読み込み:  
   - 問題文: 「第11条で規定されている「当該係員を乗務させなくても列車の安全な運転に支障がない場合」」  
   - 採点対象: 「人等が容易に線路内に立ち入ることができない構造であり、列車の進路を支障する事態が発生するおそれがない」  
2. 根拠の特定と対応確認:  
   - 採点対象の内容は、列車の安全な運転に支障がない条件に関連しているが、具体的に第11条の内容や基準に直接言及していないため、問題文の意図を完全には反映していない。
3. 具体性と信頼性の評価:  
   - 採点対象は、列車の安全運転に関する条件を述べているが、具体的な基準や条文の引用がないため、具体性に欠ける。また、信頼性も低下している。
4. 不要情報の確認:  
   - 採点対象には問題に関係のない情報は含まれていない。
5. 評価値の算出:  
   - 根拠が問題に関連しているが、具体性や信頼性が不足しているため、「2点」とする。
評価結果: 【2】点  
理由: 採点対象は問題に部分的に関連しているが、具体的な基準や条文の引用がないため、妥当性が低下している。
評価結果: 【4】点  
理由: 専門用語の使用は正確であるが、「列車の安全な運転に支障がない場合」という文脈において、具体的な基準や条件がやや不明確であるため、文脈との整合性が完全ではない。
【4】点  
理由: 採点対象は全体的に論理的で要点が整理されているが、一部の表現がやや冗長であり、もう少し簡潔にまとめることができたと思われる。
1. 問題の要求の特定:  
   - 問題文は「第11条で規定されている内容」に基づいて、特定の基準を満たす場合についての説明を求めている。
2. 採点対象の確認:  
   - 採点対象は「人等が容易に線路内に立ち入ることができない構造であり、列車の進路を支障する事態が発生するおそれがない」と述べている。
3. 不足や誤りの確認:  
   - 採点対象は問題文の要求に対して、具体的な基準や条件についての詳細な説明が不足している。特に、教育や訓練の実施、適性、知識及び技能の確認について言及がないため、内容が不十分である。
4. 評価値の算出:  
   - 問題文の要求を部分的に満たしているが、重要な要素が欠けているため「2点」とする。
- 評価結果:  
  - 【2】点（問題文の要求に大きく逸脱しており、不足や誤りが多い）。",2.33,第11条で規定されている「当該係員を乗務させなくても列車の安全な運転に支障がない場合」とは、施設及び車両の構造等により、特定の基準を満たす必要があり、また第36条第3号、第58条、第86条第2項に規定する基準に適合することが求められます。具体的には、係員に対する教育及び訓練の実施、適性、知識及び技能の確認が必要であり、これらは当該係員の所属する鉄道事業者が実施することとされています。
02.md,抽象問題,「動力車を操縦する係員は、どのような状態で列車に乗務してはいけないか？」,酒気を帯びた状態又は薬物の影響により正常な操縦ができないおそれがある状態,これらの状態は運転の安全を脅かすため、厳格に禁止されており、鉄道事業者は乗務前の確認を徹底する必要がある。,3.0,N/A,4.0,4.0,4.0,3.0,"1. 情報の読み込み:  
   - 解答：「酒気を帯びた状態又は薬物の影響により正常な操縦ができないおそれがある状態」  
   - 採点対象：「酒気を帯びた状態や、必要な知識及び技能を十分に発揮できない状態で列車に乗務してはいけません。」  
2. 情報の比較:  
   - 解答に記載されている「酒気を帯びた状態」は採点対象にも含まれているが、「薬物の影響により正常な操縦ができないおそれがある状態」という部分は採点対象には記載されていない（不足情報）。  
   - 採点対象には「必要な知識及び技能を十分に発揮できない状態」という重要な情報が含まれているが、解答にはその部分が欠けている（不足情報）。  
   - 採点対象には過剰情報はない。  
3. 不足情報のリストアップ:  
   - 不足情報: 「薬物の影響により正常な操縦ができないおそれがある状態」「必要な知識及び技能を十分に発揮できない状態」  
4. 評価値の算出:  
   - 重要な情報がほぼ記載されているが、一部不足があるため、評価は「3点」とする。  
- 評価結果: 【3】点  
  - 理由: 重要な情報が一部不足しているが、誤りや過剰情報はない。
評価結果: N/A  
理由: 問題文および解答には計算が含まれておらず、したがって評価対象外であるため。
【4】点  
理由: 採点対象は「酒気を帯びた状態又は薬物の影響により正常な操縦ができないおそれがある状態」と述べており、これは問題文の「酒気を帯びた状態や、必要な知識及び技能を十分に発揮できない状態で列車に乗務してはいけません」という内容に関連しています。ただし、具体的な知識や技能の不足についての言及がないため、具体性に若干欠ける部分があるため4点と評価しました。
1. 情報の読み込み:  
   - 問題文の専門用語：「動力車」「操縦」「酒気を帯びた状態」「必要な知識及び技能」「列車に乗務」  
   - 採点対象の専門用語：「動力車」「操縦」「酒気を帯びた状態」「薬物の影響」「正常な操縦」  
2. 用語の正確性の確認:  
   - 採点対象の「酒気を帯びた状態」は問題文と一致しており、正確に使用されている。  
   - 「薬物の影響」は問題文には明示されていないが、文脈上「酒気を帯びた状態」と同様の意味合いで使われているため、許容範囲と考えられる。  
   - 「正常な操縦」は「必要な知識及び技能を十分に発揮できない状態」と関連しており、文脈に合致している。  
3. 文脈との整合性の評価:  
   - 専門用語は全体的に適切に使用されており、文脈との整合性も高い。  
   - ただし、「薬物の影響」が問題文に含まれていないため、若干の不整合がある。  
4. 評価値の算出:  
   - 専門用語の使用は概ね正確であり、文脈の整合性も高いが、薬物の影響に関する部分での不整合があるため「4点」とする。  
- 評価結果: 【4】点  
  - 理由: 専門用語の使用は適切だが、一部文脈との整合性が完全ではないため減点。
評価結果: 【4】点  
理由: 採点対象は全体的に論理的で要点が整理されているが、一部の表現がやや冗長であり、もう少し簡潔にまとめることができたと思われる。
1. 問題の要求の特定:  
   - 問題文は「酒気を帯びた状態又は薬物の影響により正常な操縦ができないおそれがある状態」という内容を求めている。
2. 採点対象の確認:  
   - 採点対象は「動力車を操縦する係員は、酒気を帯びた状態や、必要な知識及び技能を十分に発揮できない状態で列車に乗務してはいけません。」という内容で、酒気を帯びた状態に関する記述が含まれている。
3. 不足や誤りの確認:  
   - 採点対象は酒気を帯びた状態について言及しているが、薬物の影響に関する記述が欠けている。また、必要な知識及び技能を発揮できない状態についても触れられているが、問題文の要求に対しては不十分である。
4. 評価値の算出:  
   - 問題文の要求を部分的に満たしているが、薬物の影響に関する記述が欠けているため「3点」とする。
- 評価結果:  
  - 【3】点（問題文の要求を部分的に満たしているが不十分）。",3.0,動力車を操縦する係員は、酒気を帯びた状態や、必要な知識及び技能を十分に発揮できない状態で列車に乗務してはいけません。
04.md,穴埋め問題,旅客の取扱いに必要な駅設備とは、_____、流動設備（通路、コンコース、階段、こ線橋、エレベーター、エスカレーター等）、接客設備（出改札）、滞留設備（出札、待合室）、業務施設（駅務施設）、便所、照明設備等である。,プラットホ－ム,プラットホームは、旅客が乗降するための基本的な設備であり、駅の機能を果たす上で不可欠である。この部分を理解することで、駅設備全体の重要性と役割を把握できる。,1.0,N/A,4.0,1.0,4.0,3.0,"1. 情報の読み込み:  
   - 解答：「プラットホーム」  
   - 採点対象：「待合設備」や「出発設備」などが考えられます。具体的な用語は、鉄道の技術基準や関連文献を参照する必要がありますが、一般的には「待合設備」が適切です。  
2. 情報の比較:  
   - 解答に記載されている「プラットホーム」は、採点対象の「待合設備」や「出発設備」とは異なる用語であり、正確性に欠ける。  
   - 採点対象には「待合設備」が適切であると明記されているが、解答はそれに対して誤った用語を使用している。  
3. 不足情報のリストアップ:  
   - 不足情報: 「待合設備」や「出発設備」などの適切な用語。  
   - 過剰情報: 特になし。  
4. 評価値の算出:  
   - 重要な情報が欠けており、誤りが含まれているため、評価は「1点」とする。  
- 評価結果: 【1】点  
  - 理由: 解答は「プラットホーム」と誤った用語を使用しており、重要な情報がほとんど記載されていない。
評価対象は計算を含まないため、本項目はN/Aとします。  
評価結果: N/A
【4】点  
理由: 採点対象は「プラットホーム」という用語を提示しており、これは待合設備や出発設備と関連しているため、問題に関連性がある。しかし、具体的な根拠や参照箇所が不足しており、もう少し具体性があれば5点に近づく。全体的には信頼性が高いが、具体性に欠ける部分があるため4点と評価した。
1. 情報の読み込み:  
   - 問題文の専門用語：「待合設備」「出発設備」  
   - 採点対象の専門用語：「プラットホーム」  
2. 用語の正確性の確認:  
   - 「プラットホーム」は「待合設備」や「出発設備」とは異なる概念であり、特に「待合設備」との関連性が薄い。  
   - 「プラットホーム」は乗客が列車に乗り降りするための場所を指し、待合設備とは異なる機能を持つ。  
3. 文脈との整合性の評価:  
   - 採点対象の用語「プラットホーム」は、問題文の文脈において適切に使用されていない。文脈において求められているのは「待合設備」であり、これに対して「プラットホーム」は誤解を生む可能性がある。  
4. 評価値の算出:  
   - 専門用語の使用が不適切であり、文脈に大きな矛盾を生じているため「1点」とする。  
- 評価結果: 【1】点  
  - 理由: 専門用語の使用がほとんど正確でなく、文脈に大きな矛盾を生じているため。
【4】点  
理由: 採点対象は全体的に論理的で要点が整理されているが、一部の表現がやや冗長で、もう少し簡潔にまとめることができる。
【3】点（問題文の要求を部分的に満たしているが、不足や誤りが見られる）。",2.17,空欄に入る適切な用語は「待合設備」や「出発設備」などが考えられます。具体的な用語は、鉄道の技術基準や関連文献を参照する必要がありますが、一般的には「待合設備」が適切です。
04.md,穴埋め問題,プラットホームの幅は、普通鉄道及び特殊鉄道のプラットホームの幅は、両側を使用するものにあっては中央部を _____ 以上、端部を 2m 以上とする。,3m,プラットホームの幅は、旅客の安全を確保するために重要であり、特に混雑時においては十分なスペースが必要である。この基準を理解することで、プラットホームでの安全な乗降の重要性を認識できる。,1.0,0.0,1.0,3.0,3.0,1.0,"評価プロセス:  
1. 情報の読み込み:  
   - 解答：「プラットホームの幅は、普通鉄道及び特殊鉄道のプラットホームの幅は、両側を使用するものにあっては中央部を **9m** 以上、端部を 2m 以上とする。」  
   - 採点対象：「3m」  
2. 情報の比較:  
   - 採点対象の「3m」は、解答に記載されている「中央部を **9m** 以上、端部を 2m 以上」という重要な情報に対して誤りである。  
   - 採点対象には過剰情報はない。  
3. 不足情報のリストアップ:  
   - 不足情報: 「中央部を **9m** 以上、端部を 2m 以上」  
4. 評価値の算出:  
   - 重要な情報がほとんど記載されておらず、誤りが非常に多いため、評価は「1点」とする。  
評価結果: 【1】点  
理由: 重要な情報がほとんど記載されておらず、解答に対して誤りが非常に多い。
1. 情報の読み込み:  
   - 解答: ""3m""  
   - 採点対象: ""プラットホームの幅は、普通鉄道及び特殊鉄道のプラットホームの幅は、両側を使用するものにあっては中央部を **9m** 以上、端部を 2m 以上とする。""  
2. 計算箇所の特定:  
   - 採点対象には計算が含まれていないため、計算過程は存在しない。  
3. 結果の比較:  
   - 解答の結果: 3m  
   - 採点対象の条件: 中央部は9m以上、端部は2m以上  
4. 過程の評価:  
   - 採点対象は計算を含まないが、解答は条件に対して不正確である。3mは中央部の幅としては不適切であり、条件を満たしていない。  
5. 評価値の算出:  
   - 計算過程が存在しないため、評価は「0点」とする。  
- 評価結果: 【0】点  
  - 理由: 解答が条件を満たしておらず、計算過程も存在しないため。
【1】点  
理由: 採点対象の解答は「3m」となっており、問題文の「中央部を9m以上、端部を2m以上」という具体的な基準に対して全く関連性がなく、信頼性も非常に低い。根拠が問題にほとんど関連しておらず、正確な情報を提供していないため、評価は最低となる。
【3】点  
理由: 専門用語「プラットホームの幅」は正確に使用されているが、解答の「3m」は問題文の「9m以上」と矛盾しており、文脈との整合性が低い。
【3】点  
理由: 採点対象は要点が伝わるが、解答の内容に対して不正確な情報が含まれており、論理構成に軽微な欠陥が見られる。また、冗長な表現があり、全体的に読みやすさに欠ける部分がある。
1. 問題の要求の特定:  
   - 問題文はプラットホームの幅に関する具体的な数値を求めている。
2. 採点対象の確認:  
   - 採点対象は「3m」となっているが、問題文では中央部が「9m以上」、端部が「2m以上」と明記されている。
3. 不足や誤りの確認:  
   - 採点対象の「3m」は問題文の要求に対して明らかに不足しており、特に中央部の幅に関しては大きく誤っている。
4. 評価値の算出:  
   - 問題文の要求をほとんど満たしておらず、内容が不適切であるため「1点」とする。
- 評価結果:  
  - 【1】点（問題文の要求をほとんど満たしておらず、内容が不適切）。",1.5,プラットホームの幅は、普通鉄道及び特殊鉄道のプラットホームの幅は、両側を使用するものにあっては中央部を **9m** 以上、端部を 2m 以上とする。
04.md,穴埋め問題,新幹線のプラットホームにおいて、プラットホームにある柱類とプラットホームの縁端との距離は _____ 以上とする。,2m,柱とプラットホームの縁端との距離を確保することで、旅客の安全を守ることができる。この距離の基準は、特に混雑時や急停車時におけるリスクを低減するために重要である。,1.0,N/A,5.0,5.0,5.0,5.0,"1. 情報の読み込み:  
   - 解答：「プラットホームにある柱類とプラットホームの縁端との距離は 2m 以上とする。」  
   - 採点対象：「2m」  
2. 情報の比較:  
   - 採点対象は「2m」という数値のみを記載しており、解答に含まれる重要な情報「プラットホームにある柱類とプラットホームの縁端との距離は 2m 以上とする。」が欠けている（不足情報）。  
   - 採点対象には過剰情報はない。  
3. 不足情報のリストアップ:  
   - 不足情報: 「プラットホームにある柱類とプラットホームの縁端との距離は 2m 以上とする。」  
4. 評価値の算出:  
   - 重要な情報がほとんど記載されておらず、誤りや過剰情報はないため、評価は「1点」とする。  
- 評価結果: 【1】点  
  - 理由: 重要な情報がほとんど記載されておらず、解答の内容が不十分である。
【N/A】点  
理由: 問題には計算が含まれておらず、解答も単純な距離の記述であるため、評価対象外とする。
評価プロセス:
1. 情報の読み込み:
   - 問題文：「プラットホームにある柱類とプラットホームの縁端との距離は 2m 以上とする。」
   - 採点対象：「2m」
2. 根拠の特定と対応確認:
   - 採点対象の「2m」は問題文の「2m 以上」と直接関連している。
3. 具体性と信頼性の評価:
   - 採点対象は問題文の要件を正確に反映しており、具体的かつ信頼性が高い。
4. 不要情報の確認:
   - 採点対象には問題に関係のない情報は含まれていない。
5. 評価値の算出:
   - 根拠が問題に完全に関連し、具体的かつ信頼性が非常に高いため、「5点」とする。
評価結果: 【5】点  
理由: 採点対象は問題文の要件を正確に示しており、具体性と信頼性が非常に高いため。
1. 情報の読み込み:  
   - 問題文の専門用語：「プラットホーム」「柱類」「縁端」「距離」  
   - 採点対象の専門用語：「プラットホーム」「柱類」「縁端」「距離」  
2. 用語の正確性の確認:  
   - 採点対象の用語はすべて問題文における専門用語と一致しており、正確に使用されている。  
3. 文脈との整合性の評価:  
   - 採点対象の解答「2m」は、問題文の「距離は 2m 以上とする」という内容に対して適切に応じている。文脈においても整合性がある。  
4. 評価値の算出:  
   - 専門用語の使用はすべて適切かつ正確であり、文脈との整合性も完全であるため「5点」とする。  
- 評価結果: 【5】点  
  - 理由: 専門用語がすべて適切かつ正確に使用されており、文脈との整合性も完全であるため。
【5】点  
理由: 採点対象は非常に簡潔で論理的に整理されており、要点が明確に伝わっている。冗長な表現や読みにくい部分はなく、全体として非常に読みやすい。
1. 問題の要求の特定:  
   - 問題文は「プラットホームにある柱類とプラットホームの縁端との距離は 2m 以上とする。」という内容から、具体的な数値「2m」を抜き出すことを求めている。
2. 採点対象の確認:  
   - 採点対象は「2m」となっており、問題文からの抜き出しが正確に行われている。
3. 不足や誤りの確認:  
   - 採点対象は問題文の要求に対して完全に一致しており、特に不足や誤りは見られない。
4. 評価値の算出:  
   - 問題文の要求を完全に満たしているため「5点」とする。
- 評価結果:  
  - 【5】点（問題文の要求を完全に満たしており、内容が適切で正確である）。",3.5,プラットホームにある柱類とプラットホームの縁端との距離は 2m 以上とする。
04.md,抽象問題,プラットホームの有効長について、「旅客の安全及び円滑な乗降に支障を及ぼすおそれのないものであること」という基準の意義は何か。,プラットホームの有効長は、旅客が安全に乗降できるようにするために設定されており、列車の運行状況に応じて調整されることが重要である。,この基準は、事故を防ぐための重要な要素であり、特に混雑時や急停車時における旅客の安全確保に繋がる。適切な有効長が保たれることで、旅客が安心して利用できる環境が整う。,3.0,N/A,4.0,5.0,4.0,4.0,"1. 情報の読み込み:  
   - 解答：「プラットホームの有効長」「旅客が安全に乗降」「列車の運行状況に応じて調整」  
   - 採点対象：「プラットホームの有効長」「旅客の安全を確保」「円滑な乗降を促進」「列車の通過時の事故リスクを低減」「快適な移動環境を提供」  
2. 情報の比較:  
   - 採点対象には解答に含まれている「旅客が安全に乗降できるようにするために設定されている」という情報が含まれているが、解答には「列車の運行状況に応じて調整されることが重要である」という情報が不足している。  
   - 採点対象には過剰情報はないが、解答には「列車の運行状況に応じて調整されることが重要である」という重要な情報が欠けている。  
3. 不足情報のリストアップ:  
   - 不足情報: 「列車の運行状況に応じて調整されることが重要である」  
4. 評価値の算出:  
   - 重要な情報の一部が欠けているため、評価は「3点」とする。  
評価結果: 【3】点  
理由: 「列車の運行状況に応じて調整されることが重要である」という情報が不足しているが、誤りや過剰情報はない。
評価対象には計算が含まれていないため、本項目は評価対象外（N/A）とします。  
評価結果: 【N/A】
評価プロセス:
1. 情報の読み込み:  
   - 問題文：「プラットホームの有効長に関する基準」「旅客の安全を確保」「円滑な乗降を促進」  
   - 採点対象：「プラットホームの有効長は、旅客が安全に乗降できるようにするために設定されており、列車の運行状況に応じて調整されることが重要である。」
2. 根拠の特定と対応確認:  
   - 採点対象の内容は、プラットホームの有効長が旅客の安全に関連していることを示しており、問題文の意図に合致している。
3. 具体性と信頼性の評価:  
   - 採点対象は、プラットホームの有効長が旅客の安全に寄与することを具体的に述べており、信頼性も高い。ただし、「列車の運行状況に応じて調整されることが重要である」という部分は、問題文の内容に対する具体的な根拠としてはやや抽象的である。
4. 不要情報の確認:  
   - 採点対象には問題に関係のない情報は含まれていない。
5. 評価値の算出:  
   - 根拠は問題に関連しており、信頼性が高いが、一部具体性に欠けるため、「4点」とする。
評価結果: 【4】点  
理由: 採点対象は問題に関連しており、信頼性が高いが、具体性に欠ける部分があるため、4点とした。
1. 情報の読み込み:  
   - 問題文の専門用語：「プラットホーム」「有効長」「旅客」「安全」「乗降」「列車」「運行状況」  
   - 採点対象の専門用語：「プラットホーム」「有効長」「旅客」「安全」「乗降」「列車」「運行状況」  
2. 用語の正確性の確認:  
   - 採点対象の用語はすべて問題文における専門用語と一致しており、正確に使用されている。  
3. 文脈との整合性の評価:  
   - 採点対象は、プラットホームの有効長が旅客の安全に寄与することを述べており、文脈においても整合性がある。  
4. 評価値の算出:  
   - 専門用語の使用はすべて適切かつ正確であり、文脈との整合性も完全であるため「5点」とする。  
- 評価結果: 【5】点  
  - 理由: 専門用語がすべて適切かつ正確に使用されており、文脈との整合性も完全であるため。
【4】点  
理由: 採点対象は全体的に論理的で要点が整理されているが、一部の表現がやや冗長であり、もう少し簡潔にまとめることができたと思われる。
1. 問題の要求の特定:  
   - 問題文は「プラットホームの有効長に関する基準」についての考察を求めている。
2. 採点対象の確認:  
   - 採点対象は「プラットホームの有効長は、旅客が安全に乗降できるようにするために設定されており、列車の運行状況に応じて調整されることが重要である。」という内容で、プラットホームの有効長の目的とその重要性について述べている。
3. 不足や誤りの確認:  
   - 採点対象は問題文の要求に対して概ね適切な内容を提供しているが、具体的な基準や詳細な考察が不足しているため、完全には満たしていない。
4. 評価値の算出:  
   - 問題文の要求を概ね満たしているが、軽微な不足があるため「4点」とする。
- 評価結果:  
  - 【4】点（問題文の要求を概ね満たしているが、軽微な不足がある）。",3.33,プラットホームの有効長に関する基準は、旅客の安全を確保し、円滑な乗降を促進するために重要です。これにより、列車の通過時の事故リスクを低減し、快適な移動環境を提供します。
04.md,抽象問題,新幹線のプラットホームの幅について、両側を使用する場合は _____ 以上とするという基準の重要性は何か。,9m,新幹線のプラットホーム幅の基準は、特に高い乗降客数が予測される新幹線において、旅客の安全と快適な利用を確保するために設けられている。十分な幅が確保されることで、混雑時の事故リスクが低減される。,4.0,N/A,5.0,5.0,4.0,4.0,"評価結果: 【4】点  
理由: 採点対象は新幹線のプラットホームの幅に関する重要な情報をほぼ全て記載しているが、具体的な基準値「9m」が明示されていないため、軽微な不足がある。誤りや過剰情報は見受けられない。
評価結果: N/A  
理由: 問題には計算が含まれておらず、したがってこの項目は評価対象外である。
【5】点  
理由: 採点対象は新幹線のプラットホームの幅に関する基準の重要性を具体的に説明しており、安全性、混雑緩和、緊急時対応、運行効率の向上といった関連する要素を明確に挙げています。これらの根拠は問題に直接関連しており、具体性と信頼性が非常に高いため、評価は最高点となります。
1. 情報の読み込み:  
   - 問題文の専門用語：「新幹線」「プラットホーム」「幅」「基準」「安全性」「混雑」「緊急時」「運行効率」  
   - 採点対象の専門用語：「新幹線」「プラットホーム」「幅」「基準」「安全性」「混雑」「緊急時」「運行効率」  
2. 用語の正確性の確認:  
   - 採点対象の用語はすべて問題文の専門用語と一致しており、正確に使用されている。特に「幅」や「基準」などは文脈においても適切であり、誤解を生むような使われ方は見受けられない。
3. 文脈との整合性の評価:  
   - 専門用語はすべて文脈において適切に使用されており、整合性も高い。特に「安全性の確保」や「混雑の緩和」などの理由付けも明確で、専門用語の使用が文脈を強化している。
4. 評価値の算出:  
   - 専門用語の使用はすべて適切かつ正確であり、文脈との整合性も完全であるため「5点」とする。  
- 評価結果: 【5】点  
  - 理由: 専門用語がすべて適切かつ正確に使用されており、文脈との整合性も完全であるため。
【4】点  
理由: 内容は論理的で要点が整理されているが、一部表現がやや冗長で、もう少し簡潔にまとめることができた。全体的には読みやすいが、改善の余地がある。
1. **役割の評価**: 採点対象は新幹線のプラットホームの幅についての基準の重要性を説明しており、問題文の要求に対して適切な内容を提供しています。しかし、具体的な数値（9m）を明示することが求められているため、完全には満たしていません。
2. **評価基準の確認**: 採点対象は基準の重要性を説明する内容であり、要約や考察の形式で情報を提供していますが、問題文の要求に対して具体的な数値の提示が不足しています。
3. **不足や誤りの確認**: 基準の重要性については詳細に述べられていますが、求められている「9m」という具体的な数値が明示されていないため、部分的に不足していると判断します。
4. **評価値の算出**: 問題文の要求を概ね満たしているが、具体的な数値の提示がないため「4点」とします。
- 評価結果:  
  - 【4】点（問題文の要求を概ね満たしているが、軽微な不足がある）。",3.67,"新幹線のプラットホームの幅について、両側を使用する場合は9m以上とするという基準の重要性は以下の通りです。

1. **安全性の確保**: プラットホームの幅が適切であることは、乗客が安全に乗降できるために重要です。特に新幹線のように高速で運行される列車では、乗客がプラットホームから列車に乗り降りする際の安全が最優先されます。

2. **混雑の緩和**: プラットホームの幅が広いことで、乗客がスムーズに移動でき、混雑を緩和することができます。特に多くの乗客が利用する時間帯には、広いプラットホームが必要です。

3. **緊急時の対応**: 緊急時においても、広いプラットホームは乗客が迅速に避難できるスペースを提供します。これにより、事故やトラブルが発生した際のリスクを低減できます。

4. **運行効率の向上**: プラットホームの幅が適切であれば、列車の発着がスムーズに行われ、運行の効率が向上します。これにより、全体のダイヤの遵守が容易になります。

以上の理由から、この基準は非常に重要です。"
04.md,抽象問題,プラットホーム縁端の笠石等には滑り止めを付ける必要があるが、その目的は何か。,旅客の転落を防止すること。,プラットホームの縁端における安全対策は、旅客の命を守るために非常に重要であり、滑り止めを施すことで予期せぬ事故を防ぐことができる。この基準は、特に高い速度の列車が通過するプラットホームにおいては、より一層重要となる。,3.0,N/A,5.0,5.0,4.0,4.0,"1. 情報の読み込み:  
   - 解答：「旅客の転落を防止すること。」  
   - 採点対象：「プラットホーム縁端の笠石等に滑り止めを付ける目的は、乗客がプラットホームの端から滑り落ちるのを防ぎ、安全性を確保するためです。滑り止めは、特に雨や雪などの悪天候時において、足元が滑りやすくなることを考慮し、事故を未然に防ぐために重要です。」  
2. 情報の比較:  
   - 採点対象は「旅客の転落を防止すること」という解答の内容を含んでいるが、解答には「滑り止めの目的」や「悪天候時の重要性」などの詳細が欠けている（不足情報）。  
   - 採点対象には過剰情報はない。  
3. 不足情報のリストアップ:  
   - 不足情報: 「滑り止めの目的」「悪天候時の重要性」「安全性の確保」  
4. 評価値の算出:  
   - 重要な情報の一部が欠けているため、評価は「3点」とする。  
評価結果: 【3】点  
理由: 「滑り止めの目的」や「悪天候時の重要性」が不足しているが、誤りや過剰情報はない。
評価対象には計算が含まれていないため、本項目は評価対象外（N/A）とします。
評価プロセス:
1. 情報の読み込み:
   - 問題文: 「プラットホーム縁端の笠石等に滑り止めを付ける目的は、乗客がプラットホームの端から滑り落ちるのを防ぎ、安全性を確保するためです。」
   - 採点対象: 「旅客の転落を防止すること。」
2. 根拠の特定と対応確認:
   - 採点対象の「旅客の転落を防止すること」は、問題文の「乗客がプラットホームの端から滑り落ちるのを防ぎ」に直接関連している。
3. 具体性と信頼性の評価:
   - 採点対象は問題文の意図を正確に反映しており、具体的かつ信頼性が高い。特に、転落防止という目的が明確に示されている。
4. 不要情報の確認:
   - 採点対象には問題に関係のない情報は含まれていない。
5. 評価値の算出:
   - 根拠が問題に完全に関連し、具体的かつ信頼性が非常に高いため、「5点」とする。
評価結果: 【5】点  
理由: 採点対象は問題文の意図を正確に反映しており、具体的かつ信頼性が非常に高いため。
評価結果: 【5】点  
理由: 専門用語「滑り止め」「プラットホーム」「転落防止」が正確に使用されており、文脈との整合性も完全であるため、評価は最高点となる。
【4】点  
理由: 採点対象は要点が明確に整理されており、論理的に構成されているが、一部の表現がやや冗長であるため、簡潔さに欠ける部分が見受けられる。
1. 問題の要求の特定:  
   - 問題文は「プラットホーム縁端の笠石等に滑り止めを付ける目的」を求めており、その目的を要約することが求められている。
2. 採点対象の確認:  
   - 採点対象は「旅客の転落を防止すること。」であり、これは滑り止めの目的を簡潔に表現している。
3. 不足や誤りの確認:  
   - 採点対象は目的を正確に示しているが、問題文の内容を完全に反映しているわけではない。具体的には、滑り止めが悪天候時の安全性を確保するために重要であるという点が欠けている。
4. 評価値の算出:  
   - 問題文の要求を概ね満たしているが、重要な要素が不足しているため「4点」とする。
- 評価結果:  
  - 【4】点（問題文の要求を概ね満たしているが、軽微な不足がある）。",3.5,プラットホーム縁端の笠石等に滑り止めを付ける目的は、乗客がプラットホームの端から滑り落ちるのを防ぎ、安全性を確保するためです。滑り止めは、特に雨や雪などの悪天候時において、足元が滑りやすくなることを考慮し、事故を未然に防ぐために重要です。
05.md,穴埋め問題,鉄道が、道路と平面交差できる場合とは、新幹線又は新幹線に準ずる速度（_____ を超え _____ 未満）で運転する鉄道以外の鉄道で、鉄道の運転本数及び道路の交通量が少ない場合や鉄道路線の地勢地形等の状況から立体交差化が真に困難な状況の場合に限る。,"[160km/h, 200km/h]",この速度の範囲により、新幹線や高速鉄道とは異なる鉄道の運転条件が定められています。これにより、安全な平面交差を許可する条件が明確化され、事故リスクを軽減することが目的です。,1.0,N/A,5.0,5.0,4.0,2.0,"1. 情報の読み込み:  
   - 解答：「鉄道が、道路と平面交差できる場合」「新幹線又は新幹線に準ずる速度（160km/h を超え 200km/h 未満）で運転する鉄道以外の鉄道」「鉄道の運転本数及び道路の交通量が少ない場合」「立体交差化が真に困難な状況の場合」  
   - 採点対象：「[160km/h, 200km/h]」  
2. 情報の比較:  
   - 採点対象は解答の重要な情報をほとんど含んでおらず、特に「鉄道が、道路と平面交差できる場合」や「運転本数及び交通量が少ない場合」などの条件が記載されていない（不足情報）。  
   - 採点対象には過剰情報はない。  
3. 不足情報のリストアップ:  
   - 不足情報: 「鉄道が、道路と平面交差できる場合」「新幹線又は新幹線に準ずる速度で運転する鉄道以外の鉄道」「鉄道の運転本数及び道路の交通量が少ない場合」「立体交差化が真に困難な状況の場合」  
4. 評価値の算出:  
   - 重要な情報がほとんど欠けているため、評価は「1点」とする。  
- 評価結果: 【1】点  
  - 理由: 重要な情報がほとんど記載されておらず、誤りはないが、情報の欠如が非常に多い。
【N/A】  
理由: 採点対象には計算が含まれておらず、評価基準に該当しないため。
【5】点  
理由: 採点対象は問題文における鉄道の運転条件に関する具体的な情報を正確に引用しており、160km/hから200km/hの範囲を明示しているため、問題に完全に関連している。根拠は明確で信頼性が高く、問題に関係のない情報は含まれていない。
【5】点  
理由: 専門用語「新幹線」「速度」「運転」「鉄道」「道路」「平面交差」などが正確に使用されており、文脈との整合性も完全である。解答における速度範囲の表現も適切で、誤解を生むような使われ方は見受けられない。
【4】点  
理由: 採点対象は全体的に論理的で要点が整理されているが、一部の表現がやや冗長であり、もう少し簡潔にまとめることができたと思われる。
1. 問題の要求の特定:  
   - 問題文は「鉄道が、道路と平面交差できる場合」を特定する内容を求めている。
2. 採点対象の確認:  
   - 採点対象は「[160km/h, 200km/h]」という範囲を示しているが、問題文の要求に対して具体的な条件や状況を示していない。
3. 不足や誤りの確認:  
   - 採点対象は速度の範囲を示しているが、問題文で求められている「鉄道の運転本数及び道路の交通量が少ない場合や立体交差化が困難な状況」などの具体的な条件が含まれていないため、不足と判断。
4. 評価値の算出:  
   - 問題文の要求を部分的に満たしているが、具体的な条件が欠けているため「2点」とする。
- 評価結果:  
  - 【2】点（問題文の要求に大きく逸脱しており、不足が多い）。",2.83,鉄道が、道路と平面交差できる場合とは、新幹線又は新幹線に準ずる速度（160km/h を超え 200km/h 未満）で運転する鉄道以外の鉄道で、鉄道の運転本数及び道路の交通量が少ない場合や鉄道路線の地勢地形等の状況から立体交差化が真に困難な状況の場合に限る。
05.md,穴埋め問題,踏切道の路面は_____したものであること。,[舗装],踏切道の路面が舗装されていることは、安全性を確保するために重要です。舗装された路面は、鉄道車両がスムーズに通過できるだけでなく、道路利用者にとっても安定した通行を提供します。,1.0,N/A,2.0,3.0,4.0,1.0,"1. 情報の読み込み:  
   - 解答：「踏切道の路面は、適切な基準や条件を満たす」「具体的な基準については、技術基準を参照」「一般的には安全性や耐久性が求められる」  
   - 採点対象：「舗装」  
2. 情報の比較:  
   - 解答に記載されている「踏切道の路面」「適切な基準や条件」「技術基準」「安全性」「耐久性」が採点対象には含まれていない（全て不足情報）。  
   - 採点対象には過剰情報はない。  
3. 不足情報のリストアップ:  
   - 不足情報: 「踏切道の路面」「適切な基準や条件」「具体的な基準」「技術基準」「安全性」「耐久性」  
4. 評価値の算出:  
   - 重要な情報がほとんど記載されておらず、誤りや過剰情報もないため、評価は「1点」とする。  
- 評価結果: 【1】点  
  - 理由: 重要な情報がほとんど記載されておらず、解答の内容に対して採点対象が非常に不足している。
評価結果: N/A  
理由: 問題には計算が含まれておらず、したがってこの項目は評価対象外である。
評価プロセス:
1. 情報の読み込み:
   - 問題文: 「踏切道の路面は、適切な基準や条件を満たすものである必要があります。具体的な基準については、技術基準を参照する必要がありますが、一般的には安全性や耐久性が求められます。」
   - 採点対象: 「[舗装]」
2. 根拠の特定と対応確認:
   - 採点対象の「舗装」は、踏切道の路面に関連する基準や条件の一部として考えられるが、具体的な基準や条件についての言及が不足している。
3. 具体性と信頼性の評価:
   - 採点対象は「舗装」という単語のみであり、問題文における「適切な基準や条件」や「安全性や耐久性」といった具体的な要素に対する説明が欠けているため、具体性や信頼性が不足している。
4. 不要情報の確認:
   - 採点対象には問題に関係のない情報は含まれていない。
5. 評価値の算出:
   - 根拠が問題に関連しているが、具体性や信頼性が全体的に不足しているため、「2点」とする。
評価結果: 【2】点  
理由: 採点対象は問題に部分的に関連しているが、具体的な基準や条件についての説明が不足しており、信頼性が低いため。
1. 情報の読み込み:  
   - 問題文の専門用語：「踏切道」「路面」「基準」「条件」「技術基準」「安全性」「耐久性」  
   - 採点対象の専門用語：「舗装」  
2. 用語の正確性の確認:  
   - 採点対象の「舗装」は「路面」に関連する用語であり、文脈上適切に使用されている。  
   - ただし、「舗装」という用語は「踏切道の路面」という具体的な文脈において、より詳細な説明が求められる可能性があるため、完全な一致とは言えない。  
3. 文脈との整合性の評価:  
   - 「舗装」は一般的に路面の表面処理を指すが、問題文では「適切な基準や条件を満たす」といった具体的な基準に言及しているため、単に「舗装」とするのはやや不十分である。  
4. 評価値の算出:  
   - 専門用語の使用は概ね正確であるが、文脈の一部が不明確であり、より具体的な説明が必要なため「3点」とする。  
- 評価結果: 【3】点  
  - 理由: 専門用語の使用に軽微な誤りがあり、一部の用語が不適切な文脈で使われているため減点。
【4】点  
理由: 採点対象は全体的に論理的で要点が整理されているが、一部表現がやや冗長であり、もう少し簡潔にまとめることができたと思われる。
1. 問題の要求の特定:  
   - 問題文は「踏切道の路面に関する基準」についての具体的な内容を求めている。
2. 採点対象の確認:  
   - 解答は「[舗装]」と非常に短く、具体的な基準や条件についての説明が不足している。
3. 不足や誤りの確認:  
   - 解答は問題文の要求をほとんど満たしておらず、具体的な基準や条件についての情報が欠けているため、不足と判断。
4. 評価値の算出:  
   - 問題文の要求をほとんど満たしておらず、内容が不適切であるため「1点」とする。
- 評価結果:  
  - 【1】点（問題文の要求をほとんど満たしておらず、内容が不適切または大幅に逸脱している）。",1.83,踏切道の路面は、適切な基準や条件を満たすものである必要があります。具体的な基準については、技術基準を参照する必要がありますが、一般的には安全性や耐久性が求められます。
05.md,穴埋め問題,鉄道と道路との交差角は_____度以上であること。,[45],交差角が45度以上であることは、車両の視認性を高め、事故のリスクを低減するために必要な条件です。交差角が小さいと、車両の接触リスクが増すため、適切な基準が設けられています。,0.0,0.0,0.0,0.0,0.0,0.0,"【0】点  
理由: 採点対象は「検索結果が得られなかったため、正確な数値を提供することができませんでした」と記載しており、重要な情報が全く提供されていないため、スコアは0点となります。
【0】点  
理由: 計算を含まない内容であり、また「検索結果が得られなかったため、正確な数値を提供することができませんでした」という文言が含まれているため、評価基準に従いスコアは0点とする。
【0】点  
理由: 採点対象は「検索結果が得られなかったため、正確な数値を提供することができませんでした」と述べており、根拠が見つからなかったことを明示しています。このため、問題に関連する具体的かつ信頼性の高い情報を提示していないため、スコアは0点となります。
【0】点  
理由: 解答には「検索結果が得られなかったため、正確な数値を提供することができませんでした」という文言が含まれており、これはデータが見つからなかったことを示しています。このため、専門用語の使用や文脈の整合性に関わらず、スコアは0点となります。
【0】点  
理由: データが見つからなかったという文言が含まれており、情報が提供されていないため、論理性や簡潔さが評価できない。
【0】点（データが見つからなかったという文言が含まれており、問題文の要求を満たしていないため）",0.0,鉄道と道路との交差角は、技術基準により具体的な度数が定められていますが、検索結果が得られなかったため、正確な数値を提供することができませんでした。具体的な基準を確認するには、関連する技術基準の文書を直接参照することをお勧めします。
05.md,抽象問題,鉄道の踏切道において、列車が極めて高い速度で通過する場合に必要な設備は何ですか？,[踏切遮断機、障害物検知装置],列車が130km/hを超え160km/h以下の速度で通過する際、踏切遮断機や障害物検知装置が必要です。これらの設備は、踏切の安全を確保し、事故を防ぐために設けられています。特に高速度の列車が通過する場合、事故の影響は重大であるため、厳格な基準が必要です。,2.0,N/A,5.0,4.0,4.0,4.0,"1. 情報の読み込み:  
   - 解答：「踏切遮断機」「障害物検知装置」  
   - 採点対象：「踏切遮断機」「障害物検知装置」「大型自動車が通行しない踏切道」「二段型遮断装置」「大型遮断装置」「オーバーハング型警報装置」  
2. 情報の比較:  
   - 解答に記載されている「踏切遮断機」「障害物検知装置」は採点対象にも含まれている。  
   - しかし、採点対象には解答に含まれていない重要な情報が多く含まれている（大型自動車の通行に関する条件や特別な措置についての記述）。  
3. 不足情報のリストアップ:  
   - 不足情報: 「大型自動車が通行しない踏切道」「二段型遮断装置」「大型遮断装置」「オーバーハング型警報装置」  
4. 評価値の算出:  
   - 重要な情報の多くが不足しているため、評価は「2点」とする。  
- 評価結果: 【2】点  
  - 理由: 重要な情報の多くが不足しており、誤りはないが、解答としては不十分である。
【N/A】  
理由: 問題には計算が含まれておらず、したがって評価対象外であるため。
【5】点  
理由: 採点対象は「踏切遮断機」と「障害物検知装置」という具体的な根拠を挙げており、問題文における列車の高速度通過に関連する必要な装置を正確に示しています。また、提示された内容は問題に直接関連しており、信頼性も高いです。問題に関係のない情報は含まれておらず、根拠は明確で具体的です。
【4】点  
理由: 専門用語「踏切遮断機」と「障害物検知装置」は正確に使用されており、文脈に合致している。ただし、「大型自動車が通行しない踏切道であることが求められ」という部分がやや不明確で、文脈との整合性が完全ではないため、1点減点した。
【4】点  
理由: 採点対象は全体的に論理的で要点が整理されているが、一部の表現がやや冗長であり、もう少し簡潔にまとめることができた。
【4】点（問題文の要求を概ね満たしているが、軽微な不足や誤りがある）",3.17,鉄道の踏切道において、列車が極めて高い速度で通過する場合には、踏切遮断機や障害物検知装置が必要です。また、大型自動車が通行しない踏切道であることが求められ、大型自動車が通行する場合には、二段型遮断装置や大型遮断装置、オーバーハング型警報装置などの特別な措置が必要です。
05.md,抽象問題,普通鉄道の踏切道に必要な基準の一つとして、交差角の規定がありますが、その理由は何ですか？,[交差角が45度以上であること],踏切道での交差角が45度以上であることは、運転手や歩行者が接近する列車を早期に発見できるようにするためです。交差角が小さいと視界が遮られ、事故のリスクが高まるため、法令での基準が設けられています。,2.0,N/A,4.0,4.0,4.0,3.0,"1. 情報の読み込み:  
   - 解答：「交差角が45度以上であること」  
   - 採点対象：「交差角の規定は、主に安全性と視認性を確保するために設けられています。交差角が適切でない場合、列車の通過時に自動車や歩行者が視認しづらくなり、事故のリスクが高まるため、特定の基準が必要とされています。また、列車の速度や踏切の設置状況に応じて、適切な遮断機や警報装置を設けることも求められています。これにより、踏切道の安全性を向上させることが目的です。」
2. 情報の比較:  
   - 解答に記載されている「交差角が45度以上であること」が採点対象には明示されていない（不足情報）。  
   - 採点対象には過剰情報はないが、解答の要点が不足している。
3. 不足情報のリストアップ:  
   - 不足情報: 「交差角が45度以上であること」
4. 評価値の算出:  
   - 重要な情報が欠けているため、評価は「2点」とする。
- 評価結果: 【2】点  
  - 理由: 重要な情報である「交差角が45度以上であること」が不足しているが、誤りや過剰情報はない。
【N/A】  
理由: 採点対象には計算が含まれておらず、評価基準に該当しないため。
【4】点  
理由: 採点対象は「交差角が45度以上であること」という具体的な基準を提示しており、問題文の安全性や視認性に関する内容と関連しています。ただし、提示された根拠が「交差角」に特化しているため、全体的な安全性向上の観点からの具体性がやや不足していると評価しました。
評価結果: 【4】点  
理由: 専門用語「交差角」「安全性」「視認性」「遮断機」「警報装置」は適切に使用されており、文脈も概ね整合している。ただし、「交差角が45度以上であること」という解答が具体的な基準として明示されていないため、文脈の一部が不明確である点が減点要因となった。
【4】点  
理由: 採点対象は全体的に論理的で要点が整理されているが、一部の表現がやや冗長であり、簡潔さに欠ける部分が見受けられる。特に「列車の通過時に自動車や歩行者が視認しづらくなり、事故のリスクが高まるため」という部分は、もう少し簡潔に表現できる。全体としては理解しやすいが、さらなる簡潔さが求められる。
1. 問題の要求の特定:  
   - 問題文は「交差角が45度以上であること」という具体的な条件を求めている。
2. 採点対象の確認:  
   - 採点対象は、交差角の規定についての説明が含まれており、安全性や視認性の重要性についても言及しているが、具体的な交差角の数値（45度以上）については明示されていない。
3. 不足や誤りの確認:  
   - 採点対象は交差角の重要性について説明しているが、問題文が求める具体的な条件を直接的に示していないため、不足と判断される。
4. 評価値の算出:  
   - 問題文の要求を部分的に満たしているが、具体的な数値が欠けているため「3点」とする。
- 評価結果:  
  - 【3】点（問題文の要求を部分的に満たしているが不十分）。",2.83,普通鉄道の踏切道における交差角の規定は、主に安全性と視認性を確保するために設けられています。交差角が適切でない場合、列車の通過時に自動車や歩行者が視認しづらくなり、事故のリスクが高まるため、特定の基準が必要とされています。また、列車の速度や踏切の設置状況に応じて、適切な遮断機や警報装置を設けることも求められています。これにより、踏切道の安全性を向上させることが目的です。
05.md,抽象問題,鉄道が道路と平面交差できる条件は何ですか？,[鉄道の運転本数及び道路の交通量が少ない場合や立体交差化が真に困難な状況],鉄道と道路が平面交差する場合、安全性が最も重要です。鉄道の運転本数や道路の交通量が少ない場合に限り、平面交差が許可されることで、事故のリスクを低減し、公共の安全を守ることが目的です。,1.0,0.0,0.0,0.0,0.0,0.0,"評価プロセス:  
1. 情報の読み込み:  
   - 解答：「鉄道の運転本数及び道路の交通量が少ない場合や立体交差化が真に困難な状況」  
   - 採点対象：「鉄道が道路と平面交差できる条件についての技術基準を調べる必要がありますが、具体的な情報は得られませんでした。」  
2. 情報の比較:  
   - 採点対象は「鉄道が道路と平面交差できる条件」についての具体的な情報を提供しておらず、調査の必要性を述べているだけである。  
   - 解答に記載されている条件が採点対象には含まれていない（不足情報）。  
   - 採点対象には過剰情報はない。  
3. 不足情報のリストアップ:  
   - 不足情報: 「鉄道の運転本数及び道路の交通量が少ない場合や立体交差化が真に困難な状況」  
4. 評価値の算出:  
   - 重要な情報がほとんど記載されておらず、具体的な条件が欠けているため、評価は「1点」とする。  
評価結果: 【1】点  
理由: 重要な情報がほとんど記載されておらず、誤りや過剰情報はないが、具体的な条件が欠けている。
【0】点  
理由: 採点対象には計算が含まれておらず、また情報が得られなかったという文言が含まれているため、評価基準に従いスコアは0点とする。
【0】点  
理由: 採点対象は「具体的な情報は得られませんでした」と述べており、必要な情報が見つからなかったことを明言しています。このため、根拠が問題に関連しておらず、信頼性も非常に低いため、スコアは0点となります。
【0】点  
理由: 採点対象には「具体的な情報は得られませんでした」という文言が含まれており、これはデータが見つからなかったことを示しています。このため、専門用語の使用や文脈の整合性に関する評価ができず、スコアは0点となります。
【0】点  
理由: 採点対象には「具体的な情報は得られませんでした」という文言が含まれており、情報が見つからなかったことを示しているため、評価基準に従いスコアは0点となる。
【0】点（データが見つからなかったという文言が含まれており、問題文の要求を満たしていないため）",0.17,鉄道が道路と平面交差できる条件についての技術基準を調べる必要がありますが、具体的な情報は得られませんでした。平面交差に関する技術基準や条件についての詳細な情報を提供するためには、専門的な文献や規制を参照する必要があります。
09.md,穴埋め問題,構造物及び軌道の保全については、「鉄道構造物等維持管理標準の制定について」（平成19年1月16日付け国鉄技第_____号）の通達によること。,73,この部分は、保全に関する具体的な基準や指針を示すものであり、鉄道の安全運行を確保するためには、適切な維持管理が不可欠です。通達の番号が明記されていることにより、具体的な基準を参照しやすくなります。,5.0,N/A,5.0,5.0,4.0,5.0,"1. 情報の読み込み:  
   - 解答：「鉄道構造物等維持管理標準の制定について」「平成19年1月16日付け国鉄技第73号」「通達」  
   - 採点対象：「鉄道構造物等維持管理標準の制定について」「平成19年1月16日付け国鉄技第73号」「通達」  
2. 情報の比較:  
   - 解答に記載されている情報は、採点対象にも全て含まれている。  
   - 採点対象には過剰情報はない。  
3. 不足情報のリストアップ:  
   - 不足情報: なし  
4. 評価値の算出:  
   - 重要な情報が全て記載されており、誤りもないため、評価は「5点」とする。  
- 評価結果: 【5】点  
  - 理由: 重要な情報が全て記載されており、誤りが一切ないため。
評価結果: N/A  
理由: 問題には計算が含まれておらず、したがってこの項目は評価対象外である。
【5】点  
理由: 採点対象は「鉄道構造物等維持管理標準の制定について」という具体的な通達を引用しており、問題に関連する根拠を明確に示しています。また、提示された情報は信頼性が高く、問題に関係のない情報は含まれていません。したがって、根拠は問題に完全に関連し、具体的かつ信頼性が非常に高いと評価されます。
【5】点  
理由: 専門用語「鉄道構造物」「維持管理」「標準」が正確に使用されており、文脈との整合性も完全であるため、評価は最高点となる。
【4】点  
理由: 採点対象は論理的で要点が明確に整理されているが、一部の表現がやや冗長で、もう少し簡潔にまとめることができる。全体としては読みやすいが、さらなる簡潔さが求められる。
【5】点（問題文の要求を完全に満たしており、内容が適切で正確である。）",4.0,構造物及び軌道の保全については、「鉄道構造物等維持管理標準の制定について」（平成19年1月16日付け国鉄技第73号）の通達によることが定められています。
09.md,穴埋め問題,静止輪重に影響を及ぼすおそれがある改造等を行った場合は、輪重を直接測定し、適切な_____であることを確認すること。,静止輪重比,静止輪重比は、車両の安定性や安全性に直結する重要な指標であり、適切な管理が行われていないと運行時のトラブルや事故につながる可能性があるため、確認が求められます。,1.0,N/A,2.0,5.0,4.0,1.0,"評価プロセス:  
1. 情報の読み込み:  
   - 解答：「静止輪重比」  
   - 採点対象：「基準」  
2. 情報の比較:  
   - 採点対象には解答に記載されている「静止輪重比」が含まれていない（不足情報）。  
   - 採点対象には過剰情報はない。  
3. 不足情報のリストアップ:  
   - 不足情報: 「静止輪重比」  
4. 評価値の算出:  
   - 重要な情報が欠けているため、評価は「1点」とする。  
評価結果: 【1】点  
理由: 「静止輪重比」が不足しており、誤りや過剰情報はないが、重要な情報がほとんど記載されていない。
評価結果: 【N/A】  
理由: 問題文には計算が含まれていないため、評価対象外とする。
評価プロセス:
1. 情報の読み込み:
   - 問題文: 「基準」「静止輪重比」
   - 採点対象: 「基準」「静止輪重比」
2. 根拠の特定と対応確認:
   - 採点対象の「静止輪重比」は問題文の「基準」に関連しているが、具体的な説明や文脈が不足している。
3. 具体性と信頼性の評価:
   - 採点対象は「静止輪重比」という用語を提示しているが、その定義や関連性についての具体的な説明がないため、具体性に欠ける。
4. 不要情報の確認:
   - 採点対象には問題に関係のない情報は含まれていない。
5. 評価値の算出:
   - 根拠が問題に関連しているが、具体的な説明が不足しているため、「2点」とする。
評価結果: 【2】点  
理由: 採点対象は問題に部分的に関連しているが、具体的な説明が不足しており、信頼性が低いため。
1. 情報の読み込み:  
   - 問題文の専門用語：「基準」「静止輪重比」  
   - 採点対象の専門用語：「基準」「静止輪重比」  
2. 用語の正確性の確認:  
   - 採点対象の「基準」は問題文の「基準」と一致しており、正確に使用されている。  
   - 「静止輪重比」も問題文における用語と一致しており、正確に使用されている。  
3. 文脈との整合性の評価:  
   - 専門用語の使用は適切であり、文脈においても整合性が保たれている。  
4. 評価値の算出:  
   - 専門用語がすべて適切かつ正確に使用されており、文脈との整合性も完全であるため「5点」とする。  
- 評価結果: 【5】点  
  - 理由: 専門用語がすべて適切かつ正確に使用されており、文脈との整合性も完全であるため。
【4】点  
理由: 採点対象は全体的に論理的で要点が整理されているが、一部の表現がやや冗長であり、もう少し簡潔にまとめることができたと思われる。
1. 問題の要求の特定:  
   - 「静止輪重比」という用語の説明や関連情報を求めていると解釈される。
2. 採点対象の確認:  
   - 「基準」という単語が提示されているが、具体的な説明や関連情報が不足している。
3. 不足や誤りの確認:  
   - 採点対象は問題文の要求に対して具体的な内容を提供しておらず、情報が不十分であるため、評価基準に従って判断すると「大きく逸脱している」と考えられる。
4. 評価値の算出:  
   - 問題文の要求をほとんど満たしておらず、内容が不適切であるため「1点」とする。
- 評価結果:  
  - 【1】点（問題文の要求をほとんど満たしておらず、内容が不適切または大幅に逸脱している）。",2.17,基準
09.md,穴埋め問題,列車の検査は、事業者が車両の使用状況、設計方法、管理方法又は_____等を考慮して、検査時期及び検査内容を定めて行うこと。,運行状況,運行状況は、車両の状態や必要なメンテナンスのタイミングを判断する上で非常に重要です。適切な検査を行うことで、安全運行を確保し、事故防止に寄与します。,2.0,N/A,1.0,5.0,0.0,0.0,"1. 情報の読み込み:  
   - 解答：「運行状況」  
   - 採点対象：「検査基準」  
2. 情報の比較:  
   - 解答に記載されている「運行状況」が採点対象には記載されていない（不足情報）。  
   - 採点対象には過剰情報はない。  
3. 不足情報のリストアップ:  
   - 不足情報: 「運行状況」  
4. 評価値の算出:  
   - 重要な情報が欠けているため、評価は「2点」とする。  
- 評価結果: 【2】点  
  - 理由: 「運行状況」が不足しており、誤りや過剰情報はない。
評価結果: N/A  
理由: 問題文には計算が含まれておらず、したがってこの項目は評価対象外である。
評価プロセス:
1. 情報の読み込み:  
   - 問題文：「検査基準」「運行状況」  
   - 採点対象：「運行状況」  
2. 根拠の特定と対応確認:  
   - 採点対象の「運行状況」が問題文の「検査基準」とどのように関連しているかを確認する必要がある。
3. 具体性と信頼性の評価:  
   - 採点対象の「運行状況」は問題文の「検査基準」との関連性が不明確であり、具体的な根拠が示されていないため、信頼性が低い。
4. 不要情報の確認:  
   - 採点対象には問題に関係のない情報は含まれていない。
5. 評価値の算出:  
   - 根拠が問題に関連していないため、スコアは「1点」とする。
評価結果: 【1】点  
理由: 採点対象は問題に関連する情報を提供していないため、信頼性が非常に低い。
評価結果: 【5】点  
理由: 専門用語「検査基準」と「運行状況」は、文脈において正確に使用されており、誤解を生むような使われ方は見受けられない。用語の意味も明確で、文脈との整合性が完全であるため、最高評価とした。
評価プロセス:  
1. 情報の読み込み:  
   - 採点対象は「運行状況」という解答に対して「検査基準」という回答を示している。  
   - 文章は非常に短く、情報が不足しているため、要点が不明確である。  
2. 簡潔さの確認:  
   - 文章が短すぎて、具体的な内容や背景が全く示されていない。  
3. 論理性の確認:  
   - 「検査基準」と「運行状況」の関連性が示されておらず、論理的なつながりが欠如している。  
4. 要点整理の確認:  
   - 要点が整理されておらず、何を伝えたいのかが不明である。  
5. 評価値の算出:  
   - 情報が不足しており、論理性や簡潔さが全く欠けているため「0点」とする。  
評価結果: 【0】点  
- 理由: 情報が見つからず、論理性や要点整理が全くなされていないため。
評価プロセス:
1. 問題の要求の特定:  
   - 「検査基準」という内容を求めている。
2. 採点対象の確認:  
   - 「運行状況」という解答は、問題文の要求に対して直接的な関連性がない。
3. 不足や誤りの確認:  
   - 解答が問題文の要求を満たしておらず、内容が不適切であるため、評価は「0点」とする。
評価結果:  
【0】点（問題文の要求をほとんど満たしておらず、内容が不適切または大幅に逸脱している）。",1.33,検査基準
09.md,抽象問題,本線及び本線上に設ける電車線路の巡視に関する規定では、巡視の頻度や時期、方法についてどのように定めるべきとされていますか？,線区の状況、列車の運行状況に応じて巡視すること。,巡視の頻度や方法は、実際の運行状況や線区の特性に基づいて柔軟に決定される必要があります。これにより、異常事態に迅速に対処でき、安全な運行を維持するための重要な役割を果たします。,3.0,N/A,5.0,4.0,4.0,3.0,"1. 情報の読み込み:  
   - 解答：「線区の状況」「列車の運行状況に応じて巡視すること」  
   - 採点対象：「本線及び本線上に設ける電車線路の巡視は、線区の状況や列車の運行状況に応じて行うべきであり、巡視の頻度や時期、方法については状況に応じて定めることが求められています。」  
2. 情報の比較:  
   - 採点対象には解答に含まれていない「巡視の頻度や時期、方法については状況に応じて定めることが求められています」という重要な情報が含まれている。  
   - 解答には「巡視の頻度や時期、方法」についての情報が欠けている（不足情報）。  
   - 採点対象には過剰情報はない。  
3. 不足情報のリストアップ:  
   - 不足情報: 「巡視の頻度や時期、方法については状況に応じて定めることが求められています」  
4. 評価値の算出:  
   - 重要な情報の一部が欠けているため、評価は「3点」とする。  
評価結果: 【3】点  
理由: 「巡視の頻度や時期、方法についての情報」が不足しているが、誤りや過剰情報はない。
評価対象には計算が含まれていないため、本項目は評価対象外（N/A）とします。  
評価結果: 【N/A】
評価プロセス:
1. 情報の読み込み:
   - 問題文：「本線及び本線上に設ける電車線路の巡視は、線区の状況や列車の運行状況に応じて行うべきであり、巡視の頻度や時期、方法については状況に応じて定めることが求められています。」
   - 採点対象：「線区の状況、列車の運行状況に応じて巡視すること。」
2. 根拠の特定と対応確認:
   - 採点対象の「線区の状況、列車の運行状況に応じて巡視すること」は、問題文の「線区の状況や列車の運行状況に応じて行うべきであり」に直接関連している。
3. 具体性と信頼性の評価:
   - 採点対象は問題文の要点を正確に反映しており、具体的かつ信頼性が高い。巡視の条件についても明確に示されている。
4. 不要情報の確認:
   - 採点対象には問題に関係のない情報は含まれていない。
5. 評価値の算出:
   - 根拠が問題に完全に関連し、具体的かつ信頼性が非常に高いため、「5点」とする。
評価結果: 【5】点  
理由: 採点対象は問題文の要点を正確に反映しており、具体性と信頼性が非常に高いため、最高評価を与えられる。
評価結果: 【4】点  
理由: 専門用語「巡視」「線区」「列車の運行状況」は適切に使用されており、文脈との整合性も高い。ただし、「巡視の頻度や時期、方法については状況に応じて定めることが求められています」という部分が省略されているため、若干の不明確さが残る。
【4】点  
理由: 採点対象は全体的に論理的で要点が整理されているが、一部の表現がやや冗長であり、もう少し簡潔にまとめることができたと思われる。
1. 問題の要求の特定:  
   - 問題文は「巡視の頻度や時期、方法については状況に応じて定めることが求められています」と述べており、巡視に関する要約を求めている。
2. 採点対象の確認:  
   - 解答は「線区の状況、列車の運行状況に応じて巡視すること」となっているが、巡視の頻度や時期、方法についての具体的な言及が欠けている。
3. 不足や誤りの確認:  
   - 解答は問題文の一部を要約しているが、巡視の頻度や時期、方法に関する情報が不足しているため、要求を完全には満たしていない。
4. 評価値の算出:  
   - 問題文の要求を部分的に満たしているが、重要な要素が欠けているため「3点」とする。
- 評価結果:  
  - 【3】点（問題文の要求を部分的に満たしているが不十分）。",3.17,本線及び本線上に設ける電車線路の巡視は、線区の状況や列車の運行状況に応じて行うべきであり、巡視の頻度や時期、方法については状況に応じて定めることが求められています。
09.md,抽象問題,トンネルに関する初回検査は、どのような方法で実施されるべきですか？,十分な照明を用いて入念な目視及び打音を行い、又はこれらと同等以上の方法により実施すること。,トンネルの初回検査は、構造物の安全性を確保するために非常に重要です。目視や打音による検査は、早期に異常を発見する手段となり、事故防止に寄与します。,0.0,0.0,0.0,0.0,0.0,3.0,"【0】点  
理由: 採点対象には「十分な照明を用いて入念な目視及び打音を行い、又はこれらと同等以上の方法により実施すること。」と記載されているが、解答には具体的な情報が得られなかったと明記されており、重要な情報が欠如しているため、スコアは0点となる。
【0】点  
理由: 採点対象には計算が含まれておらず、また、問題文に対する具体的な解答が示されていないため、評価対象外となる。
【0】点  
理由: 採点対象は「十分な照明を用いて入念な目視及び打音を行い、又はこれらと同等以上の方法により実施すること」と述べているが、問題文に対する具体的な根拠や参照箇所が示されておらず、情報が不十分である。また、問題に関連する情報が欠如しているため、評価基準に従いスコアは0点とする。
【0】点  
理由: 採点対象の解答は、具体的な情報が得られなかったという文言が含まれており、専門用語の使用が適切でないため、スコアは0点とします。
【0】点  
理由: 採点対象には「具体的な情報は得られませんでした」という文言が含まれており、情報が見つからなかったことを示しているため、評価基準に従いスコアは0点となる。
評価プロセス:
1. 問題の要求の特定:  
   - 問題文は「トンネルに関する初回検査の方法についての具体的な情報」を求めている。
2. 採点対象の確認:  
   - 採点対象は「十分な照明を用いて入念な目視及び打音を行い、又はこれらと同等以上の方法により実施すること。」であり、具体的な検査方法の一部を示している。
3. 不足や誤りの確認:  
   - 採点対象は具体的な検査方法の一部を述べているが、問題文で求められている「初回検査の方法」全体を網羅していないため、不足があると判断される。
4. 評価値の算出:  
   - 問題文の要求を部分的に満たしているが、具体的な検査方法の全体像を示していないため「3点」とする。
評価結果:  
【3】点（問題文の要求を部分的に満たしているが不十分）。",0.5,"トンネルに関する初回検査の方法についての具体的な情報は得られませんでしたが、一般的には、トンネルの初回検査は以下のような方法で実施されることが考えられます：

1. **視覚検査**: トンネル内の構造物や設備の目視による確認。
2. **測定検査**: トンネルの寸法や形状、傾斜などを測定する。
3. **非破壊検査**: コンクリートや鋼材の内部状態を調べるための技術（超音波検査、磁気検査など）を使用。
4. **環境調査**: トンネル内の湿度、温度、空気質などの環境条件を測定。
5. **安全評価**: トンネルの安全性を評価し、必要な補修や改修の計画を立てる。

具体的な技術基準や手順については、関連する鉄道技術基準を参照することが重要です。"
09.md,抽象問題,車両の定期検査において、検査記録はどのように管理されるべきですか？,当該検査後最初に行われる全般検査を終えるまで保存すること。,検査記録の保存は、車両の安全性を確認し、過去の検査履歴を追跡するために重要です。これにより、車両の保守管理が適切に行われているかを監視し、安全運行を支える基盤となります。,3.0,N/A,4.0,4.0,4.0,3.0,"評価プロセス:  
1. 情報の読み込み:  
   - 解答：「当該検査後最初に行われる全般検査を終えるまで保存すること。」  
   - 採点対象：「車両の定期検査において、検査記録は新製した車両等の検査後最初の全般検査を終えるまで保存し、検査の年月及び場所を車両に表記する必要があります。」  
2. 情報の比較:  
   - 採点対象には「検査の年月及び場所を車両に表記する必要があります」という重要な情報が含まれているが、解答にはその部分が欠けている（不足情報）。  
   - 採点対象には過剰情報はない。  
3. 不足情報のリストアップ:  
   - 不足情報: 「検査の年月及び場所を車両に表記する必要があります」  
4. 評価値の算出:  
   - 重要な情報の一部が欠けているため、評価は「3点」とする。  
評価結果: 【3】点  
理由: 「検査の年月及び場所を車両に表記する必要があります」が不足しているが、誤りや過剰情報はない。
【N/A】点  
理由: 問題には計算が含まれておらず、したがって評価対象外であるため。
【4】点  
理由: 採点対象は「当該検査後最初に行われる全般検査を終えるまで保存すること」と述べており、問題文の「新製した車両等の検査後最初の全般検査を終えるまで保存し」という部分に直接関連している。具体的な内容が含まれており、信頼性も高いが、全般検査の保存に関する詳細な条件（検査の年月及び場所の表記など）が省略されているため、完全な具体性には欠ける。
【4】点  
理由: 専門用語の使用は正確であり、文脈においても概ね整合性があるが、「全般検査を終えるまで保存すること」という表現がやや簡略化されており、具体的な条件が省略されているため、完全な整合性には欠ける部分がある。
【4】点  
理由: 採点対象は要点が明確に整理されており、論理的な構成が保たれている。ただし、「当該検査後最初に行われる全般検査を終えるまで保存すること」という表現がやや冗長で、もう少し簡潔に表現できる余地があるため、4点と評価した。
1. 問題の要求の特定:  
   - 採点対象は「当該検査後最初に行われる全般検査を終えるまで保存すること。」という内容であり、問題文は検査記録の保存期間についての要約を求めている。
2. 採点対象の確認:  
   - 採点対象は、検査記録の保存期間についての要約を行っているが、具体的に「新製した車両等の検査後最初の全般検査を終えるまで」との詳細が省略されている。
3. 不足や誤りの確認:  
   - 要約は保存期間の基本的な内容を伝えているが、具体的な条件や文脈が欠けているため、情報が不十分であると判断される。
4. 評価値の算出:  
   - 問題文の要求を部分的に満たしているが、具体性が欠けるため「3点」とする。
- 評価結果:  
  - 【3】点（問題文の要求を部分的に満たしているが不十分）。",3.0,車両の定期検査において、検査記録は新製した車両等の検査後最初の全般検査を終えるまで保存し、検査の年月及び場所を車両に表記する必要があります。定期検査の年月日及び場所を全般にわたって管理している場合は、車両の表記を省略可能です。また、施設の定期検査や改造、修理の記録は期間を定めて保存し、構造物の変状記録は履歴が把握できるように保存することが求められます。
