rks_prompt,mrp_prompt,章,種類,問題,答え
"Context: 無軌条電車以外の鉄道のプラットホームの有効長は、当該プラットホームに発着する列車の最も前方にある旅客車から最も後方にある旅客車（車両に直接接続する形式のホームドアを設ける場合においては、列車の最も前方にある乗降口の前端から最も後方にある乗降口の後端）までの長さのうち最長のものの長さ以上であって、かつ、旅客の安全及び円滑な乗降に支障を及ぼすおそれのないものであること。ただし、当該プラットホームにおける乗降人員が少ない場合であって、列車の運用上やむを得ない場合にあっては、ドア非扱いを行い、かつ、案内放送を行う等の旅客の転落等の危険を防止するための措置を講ずることによりプラットホームの有効長を発着する列車長に対して短くすることができる。 列車が極めて高い速度（130km/h を超え 160km/h 以下）で通過する踏切道は、踏切遮断機、障害物検知装置（自動車が通行する踏切道に限る。）が設けられていること。また、この場合において、自動車が通行する踏切道は大型自動車が通行しないものであること。ただし、やむを得ず大型自動車が通行する踏切道には、二段型遮断装置、大型遮断装置、オーバーハング型警報装置等、踏切の視認性を高める等の大型自動車の踏切支障を有効に防止するための措置を行うこと。#9.施設及び車両の保全 １の係員に対する教育及び訓練の実施、適性、知識及び技能の確認は、当該係員の所属する鉄道事業者（係員が所属している事業者が鉄道事業者以外の場合にあっては、当該作業を委託した鉄道事業者。以下同じ。）が実施要領を定めて行うこととする。ただし、教育及び訓練の実施、適性、知識及び技能の確認の管理を当該鉄道事業者が行う場合は、他の者にこれを行わせることができる。 新幹線の騒音については、新幹線鉄道に係る環境基準(環境省(旧環境庁)告示)によるものとするが、音源対策が騒音の防止または軽減を図る上で最も基本的な施策であり、早期にその達成が困難なことから、環境省(旧環境庁)からの要請により、東海道、山陽、東北、上越の各新幹線については、当面、沿線の住宅の集合度合いに応じ、音源対策により順次75デシベル以下とすることを目標とする。 ただし、廃止前の普通鉄道構造規則、新幹線鉄道構造規則、特殊鉄道構造規則、新幹線鉄道運転規則及び鉄道運転規則(以下「旧省令」という。)において、特別の構造又は取扱いの許可(以下「特別許可」という。)を受け、又は附則に基づく経過措置により、特別許可を受けたものとみなされた施設、車両及び取扱いであって、この解釈基準に適合しないものについては、この限りでない。
Q: 鉄道事業者は、施設、車両の設計及び維持管理並びに運行を行うにあたって、____の範囲内で個々の鉄道事業者の実状を反映した詳細な実施基準を策定することとする。
A:","Context: １の係員に対する教育及び訓練の実施、適性、知識及び技能の確認は、当該係員の所属する鉄道事業者（係員が所属している事業者が鉄道事業者以外の場合にあっては、当該作業を委託した鉄道事業者。以下同じ。）が実施要領を定めて行うこととする。ただし、教育及び訓練の実施、適性、知識及び技能の確認の管理を当該鉄道事業者が行う場合は、他の者にこれを行わせることができる。 鉄道事業者は、施設、車両の設計及び維持管理並びに運行を行うにあたって、省令の範囲内で個々の鉄道事業者の実状を反映した詳細な実施基準を策定することとする。
Q: 鉄道事業者は、施設、車両の設計及び維持管理並びに運行を行うにあたって、____の範囲内で個々の鉄道事業者の実状を反映した詳細な実施基準を策定することとする。
A:",1,穴埋め問題,鉄道事業者は、施設、車両の設計及び維持管理並びに運行を行うにあたって、____の範囲内で個々の鉄道事業者の実状を反映した詳細な実施基準を策定することとする。,実施基準
"Context: 無軌条電車以外の鉄道のプラットホームの有効長は、当該プラットホームに発着する列車の最も前方にある旅客車から最も後方にある旅客車（車両に直接接続する形式のホームドアを設ける場合においては、列車の最も前方にある乗降口の前端から最も後方にある乗降口の後端）までの長さのうち最長のものの長さ以上であって、かつ、旅客の安全及び円滑な乗降に支障を及ぼすおそれのないものであること。ただし、当該プラットホームにおける乗降人員が少ない場合であって、列車の運用上やむを得ない場合にあっては、ドア非扱いを行い、かつ、案内放送を行う等の旅客の転落等の危険を防止するための措置を講ずることによりプラットホームの有効長を発着する列車長に対して短くすることができる。 列車が極めて高い速度（130km/h を超え 160km/h 以下）で通過する踏切道は、踏切遮断機、障害物検知装置（自動車が通行する踏切道に限る。）が設けられていること。また、この場合において、自動車が通行する踏切道は大型自動車が通行しないものであること。ただし、やむを得ず大型自動車が通行する踏切道には、二段型遮断装置、大型遮断装置、オーバーハング型警報装置等、踏切の視認性を高める等の大型自動車の踏切支障を有効に防止するための措置を行うこと。#9.施設及び車両の保全 新幹線の騒音については、新幹線鉄道に係る環境基準(環境省(旧環境庁)告示)によるものとするが、音源対策が騒音の防止または軽減を図る上で最も基本的な施策であり、早期にその達成が困難なことから、環境省(旧環境庁)からの要請により、東海道、山陽、東北、上越の各新幹線については、当面、沿線の住宅の集合度合いに応じ、音源対策により順次75デシベル以下とすることを目標とする。 １の係員に対する教育及び訓練の実施、適性、知識及び技能の確認は、当該係員の所属する鉄道事業者（係員が所属している事業者が鉄道事業者以外の場合にあっては、当該作業を委託した鉄道事業者。以下同じ。）が実施要領を定めて行うこととする。ただし、教育及び訓練の実施、適性、知識及び技能の確認の管理を当該鉄道事業者が行う場合は、他の者にこれを行わせることができる。 ただし、廃止前の普通鉄道構造規則、新幹線鉄道構造規則、特殊鉄道構造規則、新幹線鉄道運転規則及び鉄道運転規則(以下「旧省令」という。)において、特別の構造又は取扱いの許可(以下「特別許可」という。)を受け、又は附則に基づく経過措置により、特別許可を受けたものとみなされた施設、車両及び取扱いであって、この解釈基準に適合しないものについては、この限りでない。
Q: 新幹線の騒音については、新幹線鉄道に係る環境基準(環境省(旧環境庁)告示)によるものとするが、音源対策が騒音の防止または軽減を図る上で最も基本的な施策であり、早期にその達成が困難なことから、環境省(旧環境庁)からの要請により、東海道、山陽、東北、上越の各新幹線については、当面、沿線の住宅の集合度合いに応じ、音源対策により順次____デシベル以下とすることを目標とする。
A:","Context: 新幹線の騒音については、新幹線鉄道に係る環境基準(環境省(旧環境庁)告示)によるものとするが、音源対策が騒音の防止または軽減を図る上で最も基本的な施策であり、早期にその達成が困難なことから、環境省(旧環境庁)からの要請により、東海道、山陽、東北、上越の各新幹線については、当面、沿線の住宅の集合度合いに応じ、音源対策により順次75デシベル以下とすることを目標とする。 列車が極めて高い速度（130km/h を超え 160km/h 以下）で通過する踏切道は、踏切遮断機、障害物検知装置（自動車が通行する踏切道に限る。）が設けられていること。また、この場合において、自動車が通行する踏切道は大型自動車が通行しないものであること。ただし、やむを得ず大型自動車が通行する踏切道には、二段型遮断装置、大型遮断装置、オーバーハング型警報装置等、踏切の視認性を高める等の大型自動車の踏切支障を有効に防止するための措置を行うこと。#9.施設及び車両の保全
Q: 新幹線の騒音については、新幹線鉄道に係る環境基準(環境省(旧環境庁)告示)によるものとするが、音源対策が騒音の防止または軽減を図る上で最も基本的な施策であり、早期にその達成が困難なことから、環境省(旧環境庁)からの要請により、東海道、山陽、東北、上越の各新幹線については、当面、沿線の住宅の集合度合いに応じ、音源対策により順次____デシベル以下とすることを目標とする。
A:",1,穴埋め問題,新幹線の騒音については、新幹線鉄道に係る環境基準(環境省(旧環境庁)告示)によるものとするが、音源対策が騒音の防止または軽減を図る上で最も基本的な施策であり、早期にその達成が困難なことから、環境省(旧環境庁)からの要請により、東海道、山陽、東北、上越の各新幹線については、当面、沿線の住宅の集合度合いに応じ、音源対策により順次____デシベル以下とすることを目標とする。,75
"Context: 無軌条電車以外の鉄道のプラットホームの有効長は、当該プラットホームに発着する列車の最も前方にある旅客車から最も後方にある旅客車（車両に直接接続する形式のホームドアを設ける場合においては、列車の最も前方にある乗降口の前端から最も後方にある乗降口の後端）までの長さのうち最長のものの長さ以上であって、かつ、旅客の安全及び円滑な乗降に支障を及ぼすおそれのないものであること。ただし、当該プラットホームにおける乗降人員が少ない場合であって、列車の運用上やむを得ない場合にあっては、ドア非扱いを行い、かつ、案内放送を行う等の旅客の転落等の危険を防止するための措置を講ずることによりプラットホームの有効長を発着する列車長に対して短くすることができる。 列車が極めて高い速度（130km/h を超え 160km/h 以下）で通過する踏切道は、踏切遮断機、障害物検知装置（自動車が通行する踏切道に限る。）が設けられていること。また、この場合において、自動車が通行する踏切道は大型自動車が通行しないものであること。ただし、やむを得ず大型自動車が通行する踏切道には、二段型遮断装置、大型遮断装置、オーバーハング型警報装置等、踏切の視認性を高める等の大型自動車の踏切支障を有効に防止するための措置を行うこと。#9.施設及び車両の保全 １の係員に対する教育及び訓練の実施、適性、知識及び技能の確認は、当該係員の所属する鉄道事業者（係員が所属している事業者が鉄道事業者以外の場合にあっては、当該作業を委託した鉄道事業者。以下同じ。）が実施要領を定めて行うこととする。ただし、教育及び訓練の実施、適性、知識及び技能の確認の管理を当該鉄道事業者が行う場合は、他の者にこれを行わせることができる。 新幹線の騒音については、新幹線鉄道に係る環境基準(環境省(旧環境庁)告示)によるものとするが、音源対策が騒音の防止または軽減を図る上で最も基本的な施策であり、早期にその達成が困難なことから、環境省(旧環境庁)からの要請により、東海道、山陽、東北、上越の各新幹線については、当面、沿線の住宅の集合度合いに応じ、音源対策により順次75デシベル以下とすることを目標とする。 ただし、廃止前の普通鉄道構造規則、新幹線鉄道構造規則、特殊鉄道構造規則、新幹線鉄道運転規則及び鉄道運転規則(以下「旧省令」という。)において、特別の構造又は取扱いの許可(以下「特別許可」という。)を受け、又は附則に基づく経過措置により、特別許可を受けたものとみなされた施設、車両及び取扱いであって、この解釈基準に適合しないものについては、この限りでない。
Q: 鉄道事業者は何に基づいて詳細な実施基準を策定する必要がありますか？
A:","Context: 新幹線の騒音については、新幹線鉄道に係る環境基準(環境省(旧環境庁)告示)によるものとするが、音源対策が騒音の防止または軽減を図る上で最も基本的な施策であり、早期にその達成が困難なことから、環境省(旧環境庁)からの要請により、東海道、山陽、東北、上越の各新幹線については、当面、沿線の住宅の集合度合いに応じ、音源対策により順次75デシベル以下とすることを目標とする。 １の係員に対する教育及び訓練の実施、適性、知識及び技能の確認は、当該係員の所属する鉄道事業者（係員が所属している事業者が鉄道事業者以外の場合にあっては、当該作業を委託した鉄道事業者。以下同じ。）が実施要領を定めて行うこととする。ただし、教育及び訓練の実施、適性、知識及び技能の確認の管理を当該鉄道事業者が行う場合は、他の者にこれを行わせることができる。
Q: 鉄道事業者は何に基づいて詳細な実施基準を策定する必要がありますか？
A:",1,短答問題,鉄道事業者は何に基づいて詳細な実施基準を策定する必要がありますか？,実施基準
"Context: 無軌条電車以外の鉄道のプラットホームの有効長は、当該プラットホームに発着する列車の最も前方にある旅客車から最も後方にある旅客車（車両に直接接続する形式のホームドアを設ける場合においては、列車の最も前方にある乗降口の前端から最も後方にある乗降口の後端）までの長さのうち最長のものの長さ以上であって、かつ、旅客の安全及び円滑な乗降に支障を及ぼすおそれのないものであること。ただし、当該プラットホームにおける乗降人員が少ない場合であって、列車の運用上やむを得ない場合にあっては、ドア非扱いを行い、かつ、案内放送を行う等の旅客の転落等の危険を防止するための措置を講ずることによりプラットホームの有効長を発着する列車長に対して短くすることができる。 列車が極めて高い速度（130km/h を超え 160km/h 以下）で通過する踏切道は、踏切遮断機、障害物検知装置（自動車が通行する踏切道に限る。）が設けられていること。また、この場合において、自動車が通行する踏切道は大型自動車が通行しないものであること。ただし、やむを得ず大型自動車が通行する踏切道には、二段型遮断装置、大型遮断装置、オーバーハング型警報装置等、踏切の視認性を高める等の大型自動車の踏切支障を有効に防止するための措置を行うこと。#9.施設及び車両の保全 新幹線の騒音については、新幹線鉄道に係る環境基準(環境省(旧環境庁)告示)によるものとするが、音源対策が騒音の防止または軽減を図る上で最も基本的な施策であり、早期にその達成が困難なことから、環境省(旧環境庁)からの要請により、東海道、山陽、東北、上越の各新幹線については、当面、沿線の住宅の集合度合いに応じ、音源対策により順次75デシベル以下とすることを目標とする。 １の係員に対する教育及び訓練の実施、適性、知識及び技能の確認は、当該係員の所属する鉄道事業者（係員が所属している事業者が鉄道事業者以外の場合にあっては、当該作業を委託した鉄道事業者。以下同じ。）が実施要領を定めて行うこととする。ただし、教育及び訓練の実施、適性、知識及び技能の確認の管理を当該鉄道事業者が行う場合は、他の者にこれを行わせることができる。 ただし、廃止前の普通鉄道構造規則、新幹線鉄道構造規則、特殊鉄道構造規則、新幹線鉄道運転規則及び鉄道運転規則(以下「旧省令」という。)において、特別の構造又は取扱いの許可(以下「特別許可」という。)を受け、又は附則に基づく経過措置により、特別許可を受けたものとみなされた施設、車両及び取扱いであって、この解釈基準に適合しないものについては、この限りでない。
Q: 新幹線の騒音基準は何デシベル以下を目標としていますか？
A:","Context: 新幹線の騒音については、新幹線鉄道に係る環境基準(環境省(旧環境庁)告示)によるものとするが、音源対策が騒音の防止または軽減を図る上で最も基本的な施策であり、早期にその達成が困難なことから、環境省(旧環境庁)からの要請により、東海道、山陽、東北、上越の各新幹線については、当面、沿線の住宅の集合度合いに応じ、音源対策により順次75デシベル以下とすることを目標とする。 列車が極めて高い速度（130km/h を超え 160km/h 以下）で通過する踏切道は、踏切遮断機、障害物検知装置（自動車が通行する踏切道に限る。）が設けられていること。また、この場合において、自動車が通行する踏切道は大型自動車が通行しないものであること。ただし、やむを得ず大型自動車が通行する踏切道には、二段型遮断装置、大型遮断装置、オーバーハング型警報装置等、踏切の視認性を高める等の大型自動車の踏切支障を有効に防止するための措置を行うこと。#9.施設及び車両の保全
Q: 新幹線の騒音基準は何デシベル以下を目標としていますか？
A:",1,短答問題,新幹線の騒音基準は何デシベル以下を目標としていますか？,75デシベル以下
"Context: 列車が極めて高い速度（130km/h を超え 160km/h 以下）で通過する踏切道は、踏切遮断機、障害物検知装置（自動車が通行する踏切道に限る。）が設けられていること。また、この場合において、自動車が通行する踏切道は大型自動車が通行しないものであること。ただし、やむを得ず大型自動車が通行する踏切道には、二段型遮断装置、大型遮断装置、オーバーハング型警報装置等、踏切の視認性を高める等の大型自動車の踏切支障を有効に防止するための措置を行うこと。#9.施設及び車両の保全 無軌条電車以外の鉄道のプラットホームの有効長は、当該プラットホームに発着する列車の最も前方にある旅客車から最も後方にある旅客車（車両に直接接続する形式のホームドアを設ける場合においては、列車の最も前方にある乗降口の前端から最も後方にある乗降口の後端）までの長さのうち最長のものの長さ以上であって、かつ、旅客の安全及び円滑な乗降に支障を及ぼすおそれのないものであること。ただし、当該プラットホームにおける乗降人員が少ない場合であって、列車の運用上やむを得ない場合にあっては、ドア非扱いを行い、かつ、案内放送を行う等の旅客の転落等の危険を防止するための措置を講ずることによりプラットホームの有効長を発着する列車長に対して短くすることができる。 １の係員に対する教育及び訓練の実施、適性、知識及び技能の確認は、当該係員の所属する鉄道事業者（係員が所属している事業者が鉄道事業者以外の場合にあっては、当該作業を委託した鉄道事業者。以下同じ。）が実施要領を定めて行うこととする。ただし、教育及び訓練の実施、適性、知識及び技能の確認の管理を当該鉄道事業者が行う場合は、他の者にこれを行わせることができる。 新幹線の騒音については、新幹線鉄道に係る環境基準(環境省(旧環境庁)告示)によるものとするが、音源対策が騒音の防止または軽減を図る上で最も基本的な施策であり、早期にその達成が困難なことから、環境省(旧環境庁)からの要請により、東海道、山陽、東北、上越の各新幹線については、当面、沿線の住宅の集合度合いに応じ、音源対策により順次75デシベル以下とすることを目標とする。 ただし、廃止前の普通鉄道構造規則、新幹線鉄道構造規則、特殊鉄道構造規則、新幹線鉄道運転規則及び鉄道運転規則(以下「旧省令」という。)において、特別の構造又は取扱いの許可(以下「特別許可」という。)を受け、又は附則に基づく経過措置により、特別許可を受けたものとみなされた施設、車両及び取扱いであって、この解釈基準に適合しないものについては、この限りでない。
Q: 実施基準を策定する際に鉄道事業者が考慮すべき重要な点は何ですか？
A:","Context: 新幹線の騒音については、新幹線鉄道に係る環境基準(環境省(旧環境庁)告示)によるものとするが、音源対策が騒音の防止または軽減を図る上で最も基本的な施策であり、早期にその達成が困難なことから、環境省(旧環境庁)からの要請により、東海道、山陽、東北、上越の各新幹線については、当面、沿線の住宅の集合度合いに応じ、音源対策により順次75デシベル以下とすることを目標とする。 無軌条電車以外の鉄道のプラットホームの有効長は、当該プラットホームに発着する列車の最も前方にある旅客車から最も後方にある旅客車（車両に直接接続する形式のホームドアを設ける場合においては、列車の最も前方にある乗降口の前端から最も後方にある乗降口の後端）までの長さのうち最長のものの長さ以上であって、かつ、旅客の安全及び円滑な乗降に支障を及ぼすおそれのないものであること。ただし、当該プラットホームにおける乗降人員が少ない場合であって、列車の運用上やむを得ない場合にあっては、ドア非扱いを行い、かつ、案内放送を行う等の旅客の転落等の危険を防止するための措置を講ずることによりプラットホームの有効長を発着する列車長に対して短くすることができる。
Q: 実施基準を策定する際に鉄道事業者が考慮すべき重要な点は何ですか？
A:",1,抽象問題,実施基準を策定する際に鉄道事業者が考慮すべき重要な点は何ですか？,実施基準を策定する際には、鉄道事業者は個々の鉄道事業者の実状を反映し、省令等の項目に対応した詳細な基準を策定することが求められます。また、設計方法や検証方法など具体的な数値化を含めた基準を示すことが重要です。さらに、技術的実績や実証データ、理論解析等の客観的な検討方法によって省令への適合を証明することも考慮すべきです。
"Context: 無軌条電車以外の鉄道のプラットホームの有効長は、当該プラットホームに発着する列車の最も前方にある旅客車から最も後方にある旅客車（車両に直接接続する形式のホームドアを設ける場合においては、列車の最も前方にある乗降口の前端から最も後方にある乗降口の後端）までの長さのうち最長のものの長さ以上であって、かつ、旅客の安全及び円滑な乗降に支障を及ぼすおそれのないものであること。ただし、当該プラットホームにおける乗降人員が少ない場合であって、列車の運用上やむを得ない場合にあっては、ドア非扱いを行い、かつ、案内放送を行う等の旅客の転落等の危険を防止するための措置を講ずることによりプラットホームの有効長を発着する列車長に対して短くすることができる。 列車が極めて高い速度（130km/h を超え 160km/h 以下）で通過する踏切道は、踏切遮断機、障害物検知装置（自動車が通行する踏切道に限る。）が設けられていること。また、この場合において、自動車が通行する踏切道は大型自動車が通行しないものであること。ただし、やむを得ず大型自動車が通行する踏切道には、二段型遮断装置、大型遮断装置、オーバーハング型警報装置等、踏切の視認性を高める等の大型自動車の踏切支障を有効に防止するための措置を行うこと。#9.施設及び車両の保全 新幹線の騒音については、新幹線鉄道に係る環境基準(環境省(旧環境庁)告示)によるものとするが、音源対策が騒音の防止または軽減を図る上で最も基本的な施策であり、早期にその達成が困難なことから、環境省(旧環境庁)からの要請により、東海道、山陽、東北、上越の各新幹線については、当面、沿線の住宅の集合度合いに応じ、音源対策により順次75デシベル以下とすることを目標とする。 １の係員に対する教育及び訓練の実施、適性、知識及び技能の確認は、当該係員の所属する鉄道事業者（係員が所属している事業者が鉄道事業者以外の場合にあっては、当該作業を委託した鉄道事業者。以下同じ。）が実施要領を定めて行うこととする。ただし、教育及び訓練の実施、適性、知識及び技能の確認の管理を当該鉄道事業者が行う場合は、他の者にこれを行わせることができる。 ただし、廃止前の普通鉄道構造規則、新幹線鉄道構造規則、特殊鉄道構造規則、新幹線鉄道運転規則及び鉄道運転規則(以下「旧省令」という。)において、特別の構造又は取扱いの許可(以下「特別許可」という。)を受け、又は附則に基づく経過措置により、特別許可を受けたものとみなされた施設、車両及び取扱いであって、この解釈基準に適合しないものについては、この限りでない。
Q: 新幹線の騒音基準が75デシベル以下とされる理由について説明してください。
A:","Context: 新幹線の騒音については、新幹線鉄道に係る環境基準(環境省(旧環境庁)告示)によるものとするが、音源対策が騒音の防止または軽減を図る上で最も基本的な施策であり、早期にその達成が困難なことから、環境省(旧環境庁)からの要請により、東海道、山陽、東北、上越の各新幹線については、当面、沿線の住宅の集合度合いに応じ、音源対策により順次75デシベル以下とすることを目標とする。 列車が極めて高い速度（130km/h を超え 160km/h 以下）で通過する踏切道は、踏切遮断機、障害物検知装置（自動車が通行する踏切道に限る。）が設けられていること。また、この場合において、自動車が通行する踏切道は大型自動車が通行しないものであること。ただし、やむを得ず大型自動車が通行する踏切道には、二段型遮断装置、大型遮断装置、オーバーハング型警報装置等、踏切の視認性を高める等の大型自動車の踏切支障を有効に防止するための措置を行うこと。#9.施設及び車両の保全
Q: 新幹線の騒音基準が75デシベル以下とされる理由について説明してください。
A:",1,抽象問題,新幹線の騒音基準が75デシベル以下とされる理由について説明してください。,新幹線の騒音基準が75デシベル以下とされる理由は、沿線住民の生活環境を保護するためです。音源対策が騒音防止の基本的施策であり、早期に達成が困難なため、環境省(旧環境庁)からの要請により、段階的に75デシベル以下を目標としています。この基準は、住宅地の集合度合いに応じて設定されており、沿線の騒音を軽減することを目的としています。
"Context: 無軌条電車以外の鉄道のプラットホームの有効長は、当該プラットホームに発着する列車の最も前方にある旅客車から最も後方にある旅客車（車両に直接接続する形式のホームドアを設ける場合においては、列車の最も前方にある乗降口の前端から最も後方にある乗降口の後端）までの長さのうち最長のものの長さ以上であって、かつ、旅客の安全及び円滑な乗降に支障を及ぼすおそれのないものであること。ただし、当該プラットホームにおける乗降人員が少ない場合であって、列車の運用上やむを得ない場合にあっては、ドア非扱いを行い、かつ、案内放送を行う等の旅客の転落等の危険を防止するための措置を講ずることによりプラットホームの有効長を発着する列車長に対して短くすることができる。 列車が極めて高い速度（130km/h を超え 160km/h 以下）で通過する踏切道は、踏切遮断機、障害物検知装置（自動車が通行する踏切道に限る。）が設けられていること。また、この場合において、自動車が通行する踏切道は大型自動車が通行しないものであること。ただし、やむを得ず大型自動車が通行する踏切道には、二段型遮断装置、大型遮断装置、オーバーハング型警報装置等、踏切の視認性を高める等の大型自動車の踏切支障を有効に防止するための措置を行うこと。#9.施設及び車両の保全 新幹線の騒音については、新幹線鉄道に係る環境基準(環境省(旧環境庁)告示)によるものとするが、音源対策が騒音の防止または軽減を図る上で最も基本的な施策であり、早期にその達成が困難なことから、環境省(旧環境庁)からの要請により、東海道、山陽、東北、上越の各新幹線については、当面、沿線の住宅の集合度合いに応じ、音源対策により順次75デシベル以下とすることを目標とする。 １の係員に対する教育及び訓練の実施、適性、知識及び技能の確認は、当該係員の所属する鉄道事業者（係員が所属している事業者が鉄道事業者以外の場合にあっては、当該作業を委託した鉄道事業者。以下同じ。）が実施要領を定めて行うこととする。ただし、教育及び訓練の実施、適性、知識及び技能の確認の管理を当該鉄道事業者が行う場合は、他の者にこれを行わせることができる。 ただし、廃止前の普通鉄道構造規則、新幹線鉄道構造規則、特殊鉄道構造規則、新幹線鉄道運転規則及び鉄道運転規則(以下「旧省令」という。)において、特別の構造又は取扱いの許可(以下「特別許可」という。)を受け、又は附則に基づく経過措置により、特別許可を受けたものとみなされた施設、車両及び取扱いであって、この解釈基準に適合しないものについては、この限りでない。
Q: 新幹線の騒音レベル測定において、地上1.2メートルの高さにおいて近接側軌道中心線から25メートルの位置で測定したところ、平均騒音レベルが80デシベルであった。この場合、騒音レベルを基準以下にするためには、何デシベル減少させる必要があるか？
A:","Context: 新幹線の騒音については、新幹線鉄道に係る環境基準(環境省(旧環境庁)告示)によるものとするが、音源対策が騒音の防止または軽減を図る上で最も基本的な施策であり、早期にその達成が困難なことから、環境省(旧環境庁)からの要請により、東海道、山陽、東北、上越の各新幹線については、当面、沿線の住宅の集合度合いに応じ、音源対策により順次75デシベル以下とすることを目標とする。 列車が極めて高い速度（130km/h を超え 160km/h 以下）で通過する踏切道は、踏切遮断機、障害物検知装置（自動車が通行する踏切道に限る。）が設けられていること。また、この場合において、自動車が通行する踏切道は大型自動車が通行しないものであること。ただし、やむを得ず大型自動車が通行する踏切道には、二段型遮断装置、大型遮断装置、オーバーハング型警報装置等、踏切の視認性を高める等の大型自動車の踏切支障を有効に防止するための措置を行うこと。#9.施設及び車両の保全
Q: 新幹線の騒音レベル測定において、地上1.2メートルの高さにおいて近接側軌道中心線から25メートルの位置で測定したところ、平均騒音レベルが80デシベルであった。この場合、騒音レベルを基準以下にするためには、何デシベル減少させる必要があるか？
A:",1,演算問題,新幹線の騒音レベル測定において、地上1.2メートルの高さにおいて近接側軌道中心線から25メートルの位置で測定したところ、平均騒音レベルが80デシベルであった。この場合、騒音レベルを基準以下にするためには、何デシベル減少させる必要があるか？,5デシベル減少させる必要がある
"Context: 無軌条電車以外の鉄道のプラットホームの有効長は、当該プラットホームに発着する列車の最も前方にある旅客車から最も後方にある旅客車（車両に直接接続する形式のホームドアを設ける場合においては、列車の最も前方にある乗降口の前端から最も後方にある乗降口の後端）までの長さのうち最長のものの長さ以上であって、かつ、旅客の安全及び円滑な乗降に支障を及ぼすおそれのないものであること。ただし、当該プラットホームにおける乗降人員が少ない場合であって、列車の運用上やむを得ない場合にあっては、ドア非扱いを行い、かつ、案内放送を行う等の旅客の転落等の危険を防止するための措置を講ずることによりプラットホームの有効長を発着する列車長に対して短くすることができる。 列車が極めて高い速度（130km/h を超え 160km/h 以下）で通過する踏切道は、踏切遮断機、障害物検知装置（自動車が通行する踏切道に限る。）が設けられていること。また、この場合において、自動車が通行する踏切道は大型自動車が通行しないものであること。ただし、やむを得ず大型自動車が通行する踏切道には、二段型遮断装置、大型遮断装置、オーバーハング型警報装置等、踏切の視認性を高める等の大型自動車の踏切支障を有効に防止するための措置を行うこと。#9.施設及び車両の保全 新幹線の騒音については、新幹線鉄道に係る環境基準(環境省(旧環境庁)告示)によるものとするが、音源対策が騒音の防止または軽減を図る上で最も基本的な施策であり、早期にその達成が困難なことから、環境省(旧環境庁)からの要請により、東海道、山陽、東北、上越の各新幹線については、当面、沿線の住宅の集合度合いに応じ、音源対策により順次75デシベル以下とすることを目標とする。 １の係員に対する教育及び訓練の実施、適性、知識及び技能の確認は、当該係員の所属する鉄道事業者（係員が所属している事業者が鉄道事業者以外の場合にあっては、当該作業を委託した鉄道事業者。以下同じ。）が実施要領を定めて行うこととする。ただし、教育及び訓練の実施、適性、知識及び技能の確認の管理を当該鉄道事業者が行う場合は、他の者にこれを行わせることができる。 ただし、廃止前の普通鉄道構造規則、新幹線鉄道構造規則、特殊鉄道構造規則、新幹線鉄道運転規則及び鉄道運転規則(以下「旧省令」という。)において、特別の構造又は取扱いの許可(以下「特別許可」という。)を受け、又は附則に基づく経過措置により、特別許可を受けたものとみなされた施設、車両及び取扱いであって、この解釈基準に適合しないものについては、この限りでない。
Q: 普通鉄道の新設工事で、昼間の騒音レベルが70デシベル、夜間の騒音レベルが60デシベルであるとします。昼間と夜間の騒音レベルをそれぞれ基準以下にするためには、何デシベルずつ減少させる必要がありますか？
A:","Context: 列車が極めて高い速度（130km/h を超え 160km/h 以下）で通過する踏切道は、踏切遮断機、障害物検知装置（自動車が通行する踏切道に限る。）が設けられていること。また、この場合において、自動車が通行する踏切道は大型自動車が通行しないものであること。ただし、やむを得ず大型自動車が通行する踏切道には、二段型遮断装置、大型遮断装置、オーバーハング型警報装置等、踏切の視認性を高める等の大型自動車の踏切支障を有効に防止するための措置を行うこと。#9.施設及び車両の保全 新幹線の騒音については、新幹線鉄道に係る環境基準(環境省(旧環境庁)告示)によるものとするが、音源対策が騒音の防止または軽減を図る上で最も基本的な施策であり、早期にその達成が困難なことから、環境省(旧環境庁)からの要請により、東海道、山陽、東北、上越の各新幹線については、当面、沿線の住宅の集合度合いに応じ、音源対策により順次75デシベル以下とすることを目標とする。
Q: 普通鉄道の新設工事で、昼間の騒音レベルが70デシベル、夜間の騒音レベルが60デシベルであるとします。昼間と夜間の騒音レベルをそれぞれ基準以下にするためには、何デシベルずつ減少させる必要がありますか？
A:",1,演算問題,普通鉄道の新設工事で、昼間の騒音レベルが70デシベル、夜間の騒音レベルが60デシベルであるとします。昼間と夜間の騒音レベルをそれぞれ基準以下にするためには、何デシベルずつ減少させる必要がありますか？,5デシベル減少させる必要がある
"Context: 無軌条電車以外の鉄道のプラットホームの有効長は、当該プラットホームに発着する列車の最も前方にある旅客車から最も後方にある旅客車（車両に直接接続する形式のホームドアを設ける場合においては、列車の最も前方にある乗降口の前端から最も後方にある乗降口の後端）までの長さのうち最長のものの長さ以上であって、かつ、旅客の安全及び円滑な乗降に支障を及ぼすおそれのないものであること。ただし、当該プラットホームにおける乗降人員が少ない場合であって、列車の運用上やむを得ない場合にあっては、ドア非扱いを行い、かつ、案内放送を行う等の旅客の転落等の危険を防止するための措置を講ずることによりプラットホームの有効長を発着する列車長に対して短くすることができる。 列車が極めて高い速度（130km/h を超え 160km/h 以下）で通過する踏切道は、踏切遮断機、障害物検知装置（自動車が通行する踏切道に限る。）が設けられていること。また、この場合において、自動車が通行する踏切道は大型自動車が通行しないものであること。ただし、やむを得ず大型自動車が通行する踏切道には、二段型遮断装置、大型遮断装置、オーバーハング型警報装置等、踏切の視認性を高める等の大型自動車の踏切支障を有効に防止するための措置を行うこと。#9.施設及び車両の保全 １の係員に対する教育及び訓練の実施、適性、知識及び技能の確認は、当該係員の所属する鉄道事業者（係員が所属している事業者が鉄道事業者以外の場合にあっては、当該作業を委託した鉄道事業者。以下同じ。）が実施要領を定めて行うこととする。ただし、教育及び訓練の実施、適性、知識及び技能の確認の管理を当該鉄道事業者が行う場合は、他の者にこれを行わせることができる。 新幹線の騒音については、新幹線鉄道に係る環境基準(環境省(旧環境庁)告示)によるものとするが、音源対策が騒音の防止または軽減を図る上で最も基本的な施策であり、早期にその達成が困難なことから、環境省(旧環境庁)からの要請により、東海道、山陽、東北、上越の各新幹線については、当面、沿線の住宅の集合度合いに応じ、音源対策により順次75デシベル以下とすることを目標とする。 ただし、廃止前の普通鉄道構造規則、新幹線鉄道構造規則、特殊鉄道構造規則、新幹線鉄道運転規則及び鉄道運転規則(以下「旧省令」という。)において、特別の構造又は取扱いの許可(以下「特別許可」という。)を受け、又は附則に基づく経過措置により、特別許可を受けたものとみなされた施設、車両及び取扱いであって、この解釈基準に適合しないものについては、この限りでない。
Q: 「列車等の運転に直接関係する作業を行う係員」は、次のとおりとすること。列車等を操縦する係員、列車の運転順序変更、行き違い変更、運転の取消し等の運転整理を行う係員、列車防護、ブレーキの操作又は運転上必要な合図を行うために列車に乗務する係員、列車等の進路制御、閉そく、鉄道信号の取扱い又は転てつ器の操作をする係員、線路、電車線路又は運転保安設備の保守、工事等で列車の運転に直接関係があるものを単独で行い、又は指揮監督する作業を行う係員、及び ________を操作する係員。
A:","Context: １の係員に対する教育及び訓練の実施、適性、知識及び技能の確認は、当該係員の所属する鉄道事業者（係員が所属している事業者が鉄道事業者以外の場合にあっては、当該作業を委託した鉄道事業者。以下同じ。）が実施要領を定めて行うこととする。ただし、教育及び訓練の実施、適性、知識及び技能の確認の管理を当該鉄道事業者が行う場合は、他の者にこれを行わせることができる。 無軌条電車以外の鉄道のプラットホームの有効長は、当該プラットホームに発着する列車の最も前方にある旅客車から最も後方にある旅客車（車両に直接接続する形式のホームドアを設ける場合においては、列車の最も前方にある乗降口の前端から最も後方にある乗降口の後端）までの長さのうち最長のものの長さ以上であって、かつ、旅客の安全及び円滑な乗降に支障を及ぼすおそれのないものであること。ただし、当該プラットホームにおける乗降人員が少ない場合であって、列車の運用上やむを得ない場合にあっては、ドア非扱いを行い、かつ、案内放送を行う等の旅客の転落等の危険を防止するための措置を講ずることによりプラットホームの有効長を発着する列車長に対して短くすることができる。
Q: 「列車等の運転に直接関係する作業を行う係員」は、次のとおりとすること。列車等を操縦する係員、列車の運転順序変更、行き違い変更、運転の取消し等の運転整理を行う係員、列車防護、ブレーキの操作又は運転上必要な合図を行うために列車に乗務する係員、列車等の進路制御、閉そく、鉄道信号の取扱い又は転てつ器の操作をする係員、線路、電車線路又は運転保安設備の保守、工事等で列車の運転に直接関係があるものを単独で行い、又は指揮監督する作業を行う係員、及び ________を操作する係員。
A:",2,穴埋め問題,「列車等の運転に直接関係する作業を行う係員」は、次のとおりとすること。列車等を操縦する係員、列車の運転順序変更、行き違い変更、運転の取消し等の運転整理を行う係員、列車防護、ブレーキの操作又は運転上必要な合図を行うために列車に乗務する係員、列車等の進路制御、閉そく、鉄道信号の取扱い又は転てつ器の操作をする係員、線路、電車線路又は運転保安設備の保守、工事等で列車の運転に直接関係があるものを単独で行い、又は指揮監督する作業を行う係員、及び ________を操作する係員。,踏切保安設備
"Context: 無軌条電車以外の鉄道のプラットホームの有効長は、当該プラットホームに発着する列車の最も前方にある旅客車から最も後方にある旅客車（車両に直接接続する形式のホームドアを設ける場合においては、列車の最も前方にある乗降口の前端から最も後方にある乗降口の後端）までの長さのうち最長のものの長さ以上であって、かつ、旅客の安全及び円滑な乗降に支障を及ぼすおそれのないものであること。ただし、当該プラットホームにおける乗降人員が少ない場合であって、列車の運用上やむを得ない場合にあっては、ドア非扱いを行い、かつ、案内放送を行う等の旅客の転落等の危険を防止するための措置を講ずることによりプラットホームの有効長を発着する列車長に対して短くすることができる。 列車が極めて高い速度（130km/h を超え 160km/h 以下）で通過する踏切道は、踏切遮断機、障害物検知装置（自動車が通行する踏切道に限る。）が設けられていること。また、この場合において、自動車が通行する踏切道は大型自動車が通行しないものであること。ただし、やむを得ず大型自動車が通行する踏切道には、二段型遮断装置、大型遮断装置、オーバーハング型警報装置等、踏切の視認性を高める等の大型自動車の踏切支障を有効に防止するための措置を行うこと。#9.施設及び車両の保全 １の係員に対する教育及び訓練の実施、適性、知識及び技能の確認は、当該係員の所属する鉄道事業者（係員が所属している事業者が鉄道事業者以外の場合にあっては、当該作業を委託した鉄道事業者。以下同じ。）が実施要領を定めて行うこととする。ただし、教育及び訓練の実施、適性、知識及び技能の確認の管理を当該鉄道事業者が行う場合は、他の者にこれを行わせることができる。 新幹線の騒音については、新幹線鉄道に係る環境基準(環境省(旧環境庁)告示)によるものとするが、音源対策が騒音の防止または軽減を図る上で最も基本的な施策であり、早期にその達成が困難なことから、環境省(旧環境庁)からの要請により、東海道、山陽、東北、上越の各新幹線については、当面、沿線の住宅の集合度合いに応じ、音源対策により順次75デシベル以下とすることを目標とする。 ただし、廃止前の普通鉄道構造規則、新幹線鉄道構造規則、特殊鉄道構造規則、新幹線鉄道運転規則及び鉄道運転規則(以下「旧省令」という。)において、特別の構造又は取扱いの許可(以下「特別許可」という。)を受け、又は附則に基づく経過措置により、特別許可を受けたものとみなされた施設、車両及び取扱いであって、この解釈基準に適合しないものについては、この限りでない。
Q: 「施設及び車両の保守その他これに類する作業を行う係員」は、次のとおりとし、鉄道事業者が「施設及び車両の保守その他これに類する作業」を委託する場合にあっては、委託した作業を行う鉄道事業者に所属する係員以外の係員を含むものとすること。構造物、線路及び建築物の保全業務を行う係員、電気設備及び運転保安設備の保全業務を行う係員、車両の検査・修繕業務を行う係員、及び ________の機器開閉操作を直接行う係員。
A:","Context: 「施設及び車両の保守その他これに類する作業を行う係員」は、次のとおりとし、鉄道事業者が「施設及び車両の保守その他これに類する作業」を委託する場合にあっては、委託した作業を行う鉄道事業者に所属する係員以外の係員を含むものとすること。 １の係員に対する教育及び訓練の実施、適性、知識及び技能の確認は、当該係員の所属する鉄道事業者（係員が所属している事業者が鉄道事業者以外の場合にあっては、当該作業を委託した鉄道事業者。以下同じ。）が実施要領を定めて行うこととする。ただし、教育及び訓練の実施、適性、知識及び技能の確認の管理を当該鉄道事業者が行う場合は、他の者にこれを行わせることができる。
Q: 「施設及び車両の保守その他これに類する作業を行う係員」は、次のとおりとし、鉄道事業者が「施設及び車両の保守その他これに類する作業」を委託する場合にあっては、委託した作業を行う鉄道事業者に所属する係員以外の係員を含むものとすること。構造物、線路及び建築物の保全業務を行う係員、電気設備及び運転保安設備の保全業務を行う係員、車両の検査・修繕業務を行う係員、及び ________の機器開閉操作を直接行う係員。
A:",2,穴埋め問題,「施設及び車両の保守その他これに類する作業を行う係員」は、次のとおりとし、鉄道事業者が「施設及び車両の保守その他これに類する作業」を委託する場合にあっては、委託した作業を行う鉄道事業者に所属する係員以外の係員を含むものとすること。構造物、線路及び建築物の保全業務を行う係員、電気設備及び運転保安設備の保全業務を行う係員、車両の検査・修繕業務を行う係員、及び ________の機器開閉操作を直接行う係員。,電力設備
"Context: 無軌条電車以外の鉄道のプラットホームの有効長は、当該プラットホームに発着する列車の最も前方にある旅客車から最も後方にある旅客車（車両に直接接続する形式のホームドアを設ける場合においては、列車の最も前方にある乗降口の前端から最も後方にある乗降口の後端）までの長さのうち最長のものの長さ以上であって、かつ、旅客の安全及び円滑な乗降に支障を及ぼすおそれのないものであること。ただし、当該プラットホームにおける乗降人員が少ない場合であって、列車の運用上やむを得ない場合にあっては、ドア非扱いを行い、かつ、案内放送を行う等の旅客の転落等の危険を防止するための措置を講ずることによりプラットホームの有効長を発着する列車長に対して短くすることができる。 列車が極めて高い速度（130km/h を超え 160km/h 以下）で通過する踏切道は、踏切遮断機、障害物検知装置（自動車が通行する踏切道に限る。）が設けられていること。また、この場合において、自動車が通行する踏切道は大型自動車が通行しないものであること。ただし、やむを得ず大型自動車が通行する踏切道には、二段型遮断装置、大型遮断装置、オーバーハング型警報装置等、踏切の視認性を高める等の大型自動車の踏切支障を有効に防止するための措置を行うこと。#9.施設及び車両の保全 １の係員に対する教育及び訓練の実施、適性、知識及び技能の確認は、当該係員の所属する鉄道事業者（係員が所属している事業者が鉄道事業者以外の場合にあっては、当該作業を委託した鉄道事業者。以下同じ。）が実施要領を定めて行うこととする。ただし、教育及び訓練の実施、適性、知識及び技能の確認の管理を当該鉄道事業者が行う場合は、他の者にこれを行わせることができる。 新幹線の騒音については、新幹線鉄道に係る環境基準(環境省(旧環境庁)告示)によるものとするが、音源対策が騒音の防止または軽減を図る上で最も基本的な施策であり、早期にその達成が困難なことから、環境省(旧環境庁)からの要請により、東海道、山陽、東北、上越の各新幹線については、当面、沿線の住宅の集合度合いに応じ、音源対策により順次75デシベル以下とすることを目標とする。 ただし、廃止前の普通鉄道構造規則、新幹線鉄道構造規則、特殊鉄道構造規則、新幹線鉄道運転規則及び鉄道運転規則(以下「旧省令」という。)において、特別の構造又は取扱いの許可(以下「特別許可」という。)を受け、又は附則に基づく経過措置により、特別許可を受けたものとみなされた施設、車両及び取扱いであって、この解釈基準に適合しないものについては、この限りでない。
Q: 列車の運転中に必要な事項を報告し、指示を与える等適切な監督ができる体制を整えておくことが必要な係員は誰か？
A:","Context: １(1)及び(3)の係員に対しては、乗務前、列車の運転中その他適当なときに運転上必要な事項について報告を求め、又は指示を与える等適切な監督ができる体制を整えておくこと。 １の係員に対する教育及び訓練の実施、適性、知識及び技能の確認は、当該係員の所属する鉄道事業者（係員が所属している事業者が鉄道事業者以外の場合にあっては、当該作業を委託した鉄道事業者。以下同じ。）が実施要領を定めて行うこととする。ただし、教育及び訓練の実施、適性、知識及び技能の確認の管理を当該鉄道事業者が行う場合は、他の者にこれを行わせることができる。
Q: 列車の運転中に必要な事項を報告し、指示を与える等適切な監督ができる体制を整えておくことが必要な係員は誰か？
A:",2,短答問題,列車の運転中に必要な事項を報告し、指示を与える等適切な監督ができる体制を整えておくことが必要な係員は誰か？,列車等の運転に直接関係する係員
"Context: 列車が極めて高い速度（130km/h を超え 160km/h 以下）で通過する踏切道は、踏切遮断機、障害物検知装置（自動車が通行する踏切道に限る。）が設けられていること。また、この場合において、自動車が通行する踏切道は大型自動車が通行しないものであること。ただし、やむを得ず大型自動車が通行する踏切道には、二段型遮断装置、大型遮断装置、オーバーハング型警報装置等、踏切の視認性を高める等の大型自動車の踏切支障を有効に防止するための措置を行うこと。#9.施設及び車両の保全 無軌条電車以外の鉄道のプラットホームの有効長は、当該プラットホームに発着する列車の最も前方にある旅客車から最も後方にある旅客車（車両に直接接続する形式のホームドアを設ける場合においては、列車の最も前方にある乗降口の前端から最も後方にある乗降口の後端）までの長さのうち最長のものの長さ以上であって、かつ、旅客の安全及び円滑な乗降に支障を及ぼすおそれのないものであること。ただし、当該プラットホームにおける乗降人員が少ない場合であって、列車の運用上やむを得ない場合にあっては、ドア非扱いを行い、かつ、案内放送を行う等の旅客の転落等の危険を防止するための措置を講ずることによりプラットホームの有効長を発着する列車長に対して短くすることができる。 １の係員に対する教育及び訓練の実施、適性、知識及び技能の確認は、当該係員の所属する鉄道事業者（係員が所属している事業者が鉄道事業者以外の場合にあっては、当該作業を委託した鉄道事業者。以下同じ。）が実施要領を定めて行うこととする。ただし、教育及び訓練の実施、適性、知識及び技能の確認の管理を当該鉄道事業者が行う場合は、他の者にこれを行わせることができる。 新幹線の騒音については、新幹線鉄道に係る環境基準(環境省(旧環境庁)告示)によるものとするが、音源対策が騒音の防止または軽減を図る上で最も基本的な施策であり、早期にその達成が困難なことから、環境省(旧環境庁)からの要請により、東海道、山陽、東北、上越の各新幹線については、当面、沿線の住宅の集合度合いに応じ、音源対策により順次75デシベル以下とすることを目標とする。 ただし、廃止前の普通鉄道構造規則、新幹線鉄道構造規則、特殊鉄道構造規則、新幹線鉄道運転規則及び鉄道運転規則(以下「旧省令」という。)において、特別の構造又は取扱いの許可(以下「特別許可」という。)を受け、又は附則に基づく経過措置により、特別許可を受けたものとみなされた施設、車両及び取扱いであって、この解釈基準に適合しないものについては、この限りでない。
Q: 動力車を操縦する係員が酒気を帯びた状態で乗務することは許されるか？
A:","Context: 動力車を操縦する係員は、酒気を帯びた状態又は薬物の影響により正常な操縦ができないおそれがある状態で列車に乗務しないこと。#4. 停車場 人等が容易に線路内に立ち入ることができない構造であり、かつ、列車の進路を支障する落石などの事態が発生するおそれのない鉄道である場合。ただし、線路上に列車運行上の障害となる事象が発生したことを検知し、自動的に列車を停止できる装置を備える場合その他列車の安全な運転に支障を及ぼすおそれのない措置を講じた場合は、この限りでない。
Q: 動力車を操縦する係員が酒気を帯びた状態で乗務することは許されるか？
A:",2,短答問題,動力車を操縦する係員が酒気を帯びた状態で乗務することは許されるか？,許されない
"Context: 無軌条電車以外の鉄道のプラットホームの有効長は、当該プラットホームに発着する列車の最も前方にある旅客車から最も後方にある旅客車（車両に直接接続する形式のホームドアを設ける場合においては、列車の最も前方にある乗降口の前端から最も後方にある乗降口の後端）までの長さのうち最長のものの長さ以上であって、かつ、旅客の安全及び円滑な乗降に支障を及ぼすおそれのないものであること。ただし、当該プラットホームにおける乗降人員が少ない場合であって、列車の運用上やむを得ない場合にあっては、ドア非扱いを行い、かつ、案内放送を行う等の旅客の転落等の危険を防止するための措置を講ずることによりプラットホームの有効長を発着する列車長に対して短くすることができる。 列車が極めて高い速度（130km/h を超え 160km/h 以下）で通過する踏切道は、踏切遮断機、障害物検知装置（自動車が通行する踏切道に限る。）が設けられていること。また、この場合において、自動車が通行する踏切道は大型自動車が通行しないものであること。ただし、やむを得ず大型自動車が通行する踏切道には、二段型遮断装置、大型遮断装置、オーバーハング型警報装置等、踏切の視認性を高める等の大型自動車の踏切支障を有効に防止するための措置を行うこと。#9.施設及び車両の保全 １の係員に対する教育及び訓練の実施、適性、知識及び技能の確認は、当該係員の所属する鉄道事業者（係員が所属している事業者が鉄道事業者以外の場合にあっては、当該作業を委託した鉄道事業者。以下同じ。）が実施要領を定めて行うこととする。ただし、教育及び訓練の実施、適性、知識及び技能の確認の管理を当該鉄道事業者が行う場合は、他の者にこれを行わせることができる。 新幹線の騒音については、新幹線鉄道に係る環境基準(環境省(旧環境庁)告示)によるものとするが、音源対策が騒音の防止または軽減を図る上で最も基本的な施策であり、早期にその達成が困難なことから、環境省(旧環境庁)からの要請により、東海道、山陽、東北、上越の各新幹線については、当面、沿線の住宅の集合度合いに応じ、音源対策により順次75デシベル以下とすることを目標とする。 ただし、廃止前の普通鉄道構造規則、新幹線鉄道構造規則、特殊鉄道構造規則、新幹線鉄道運転規則及び鉄道運転規則(以下「旧省令」という。)において、特別の構造又は取扱いの許可(以下「特別許可」という。)を受け、又は附則に基づく経過措置により、特別許可を受けたものとみなされた施設、車両及び取扱いであって、この解釈基準に適合しないものについては、この限りでない。
Q: 鉄道事業者が列車運転に直接関係する係員に対して行う教育及び訓練の重要性について説明してください。
A:","Context: １の係員に対する教育及び訓練の実施、適性、知識及び技能の確認は、当該係員の所属する鉄道事業者（係員が所属している事業者が鉄道事業者以外の場合にあっては、当該作業を委託した鉄道事業者。以下同じ。）が実施要領を定めて行うこととする。ただし、教育及び訓練の実施、適性、知識及び技能の確認の管理を当該鉄道事業者が行う場合は、他の者にこれを行わせることができる。 新幹線の騒音については、新幹線鉄道に係る環境基準(環境省(旧環境庁)告示)によるものとするが、音源対策が騒音の防止または軽減を図る上で最も基本的な施策であり、早期にその達成が困難なことから、環境省(旧環境庁)からの要請により、東海道、山陽、東北、上越の各新幹線については、当面、沿線の住宅の集合度合いに応じ、音源対策により順次75デシベル以下とすることを目標とする。
Q: 鉄道事業者が列車運転に直接関係する係員に対して行う教育及び訓練の重要性について説明してください。
A:",2,抽象問題,鉄道事業者が列車運転に直接関係する係員に対して行う教育及び訓練の重要性について説明してください。,鉄道事業者が列車運転に直接関係する係員に対して行う教育及び訓練は、係員の適性、知識及び技能を確認し、運転の安全性を確保するために非常に重要です。適切な教育と訓練により、係員は運転中に適切な判断を下し、緊急事態に迅速に対応する能力を身に付けることができます。また、適性検査や精神機能検査を通じて、係員が健康で安全に業務を遂行できる状態にあることを確認することも重要です。
"Context: 無軌条電車以外の鉄道のプラットホームの有効長は、当該プラットホームに発着する列車の最も前方にある旅客車から最も後方にある旅客車（車両に直接接続する形式のホームドアを設ける場合においては、列車の最も前方にある乗降口の前端から最も後方にある乗降口の後端）までの長さのうち最長のものの長さ以上であって、かつ、旅客の安全及び円滑な乗降に支障を及ぼすおそれのないものであること。ただし、当該プラットホームにおける乗降人員が少ない場合であって、列車の運用上やむを得ない場合にあっては、ドア非扱いを行い、かつ、案内放送を行う等の旅客の転落等の危険を防止するための措置を講ずることによりプラットホームの有効長を発着する列車長に対して短くすることができる。 列車が極めて高い速度（130km/h を超え 160km/h 以下）で通過する踏切道は、踏切遮断機、障害物検知装置（自動車が通行する踏切道に限る。）が設けられていること。また、この場合において、自動車が通行する踏切道は大型自動車が通行しないものであること。ただし、やむを得ず大型自動車が通行する踏切道には、二段型遮断装置、大型遮断装置、オーバーハング型警報装置等、踏切の視認性を高める等の大型自動車の踏切支障を有効に防止するための措置を行うこと。#9.施設及び車両の保全 １の係員に対する教育及び訓練の実施、適性、知識及び技能の確認は、当該係員の所属する鉄道事業者（係員が所属している事業者が鉄道事業者以外の場合にあっては、当該作業を委託した鉄道事業者。以下同じ。）が実施要領を定めて行うこととする。ただし、教育及び訓練の実施、適性、知識及び技能の確認の管理を当該鉄道事業者が行う場合は、他の者にこれを行わせることができる。 新幹線の騒音については、新幹線鉄道に係る環境基準(環境省(旧環境庁)告示)によるものとするが、音源対策が騒音の防止または軽減を図る上で最も基本的な施策であり、早期にその達成が困難なことから、環境省(旧環境庁)からの要請により、東海道、山陽、東北、上越の各新幹線については、当面、沿線の住宅の集合度合いに応じ、音源対策により順次75デシベル以下とすることを目標とする。 ただし、廃止前の普通鉄道構造規則、新幹線鉄道構造規則、特殊鉄道構造規則、新幹線鉄道運転規則及び鉄道運転規則(以下「旧省令」という。)において、特別の構造又は取扱いの許可(以下「特別許可」という。)を受け、又は附則に基づく経過措置により、特別許可を受けたものとみなされた施設、車両及び取扱いであって、この解釈基準に適合しないものについては、この限りでない。
Q: 施設及び車両の保守を行う係員に対する教育及び訓練の方法について述べてください。
A:","Context: １の係員に対する教育及び訓練の実施、適性、知識及び技能の確認は、当該係員の所属する鉄道事業者（係員が所属している事業者が鉄道事業者以外の場合にあっては、当該作業を委託した鉄道事業者。以下同じ。）が実施要領を定めて行うこととする。ただし、教育及び訓練の実施、適性、知識及び技能の確認の管理を当該鉄道事業者が行う場合は、他の者にこれを行わせることができる。 「施設及び車両の保守その他これに類する作業を行う係員」は、次のとおりとし、鉄道事業者が「施設及び車両の保守その他これに類する作業」を委託する場合にあっては、委託した作業を行う鉄道事業者に所属する係員以外の係員を含むものとすること。
Q: 施設及び車両の保守を行う係員に対する教育及び訓練の方法について述べてください。
A:",2,抽象問題,施設及び車両の保守を行う係員に対する教育及び訓練の方法について述べてください。,施設及び車両の保守を行う係員に対する教育及び訓練は、鉄道事業者の管理の下で行われるべきです。これには、鉄道事業者が他の者に教育及び訓練の実施を委託する場合も含まれます。教育及び訓練の内容には、保守業務に必要な知識や技能の習得が含まれ、適性検査を通じて係員の適性を確認することが重要です。適切な教育及び訓練により、係員は保守業務を安全かつ効率的に行うことができ、鉄道の運行に支障をきたすことがないようにすることが求められます。
"Context: 列車が極めて高い速度（130km/h を超え 160km/h 以下）で通過する踏切道は、踏切遮断機、障害物検知装置（自動車が通行する踏切道に限る。）が設けられていること。また、この場合において、自動車が通行する踏切道は大型自動車が通行しないものであること。ただし、やむを得ず大型自動車が通行する踏切道には、二段型遮断装置、大型遮断装置、オーバーハング型警報装置等、踏切の視認性を高める等の大型自動車の踏切支障を有効に防止するための措置を行うこと。#9.施設及び車両の保全 無軌条電車以外の鉄道のプラットホームの有効長は、当該プラットホームに発着する列車の最も前方にある旅客車から最も後方にある旅客車（車両に直接接続する形式のホームドアを設ける場合においては、列車の最も前方にある乗降口の前端から最も後方にある乗降口の後端）までの長さのうち最長のものの長さ以上であって、かつ、旅客の安全及び円滑な乗降に支障を及ぼすおそれのないものであること。ただし、当該プラットホームにおける乗降人員が少ない場合であって、列車の運用上やむを得ない場合にあっては、ドア非扱いを行い、かつ、案内放送を行う等の旅客の転落等の危険を防止するための措置を講ずることによりプラットホームの有効長を発着する列車長に対して短くすることができる。 １の係員に対する教育及び訓練の実施、適性、知識及び技能の確認は、当該係員の所属する鉄道事業者（係員が所属している事業者が鉄道事業者以外の場合にあっては、当該作業を委託した鉄道事業者。以下同じ。）が実施要領を定めて行うこととする。ただし、教育及び訓練の実施、適性、知識及び技能の確認の管理を当該鉄道事業者が行う場合は、他の者にこれを行わせることができる。 新幹線の騒音については、新幹線鉄道に係る環境基準(環境省(旧環境庁)告示)によるものとするが、音源対策が騒音の防止または軽減を図る上で最も基本的な施策であり、早期にその達成が困難なことから、環境省(旧環境庁)からの要請により、東海道、山陽、東北、上越の各新幹線については、当面、沿線の住宅の集合度合いに応じ、音源対策により順次75デシベル以下とすることを目標とする。 ただし、廃止前の普通鉄道構造規則、新幹線鉄道構造規則、特殊鉄道構造規則、新幹線鉄道運転規則及び鉄道運転規則(以下「旧省令」という。)において、特別の構造又は取扱いの許可(以下「特別許可」という。)を受け、又は附則に基づく経過措置により、特別許可を受けたものとみなされた施設、車両及び取扱いであって、この解釈基準に適合しないものについては、この限りでない。
Q: 列車の運転中に酒気を帯びた状態の確認が必要な係員が、仕業前にアルコール検知器で測定した数値が0.05%だった場合、その係員を乗務させるべきか？理由も含めて答えなさい。
A:","Context: 酒気帯びの有無の確認は、目視等によるほか、アルコール検知器を用いて行うこと。ただし、仕業前の確認以降、１(1)の係員が鉄道事業者の管理の下にある場合は、仕業後のアルコール検知器を用いた検査を省略することができる。 人等が容易に線路内に立ち入ることができない構造であり、かつ、列車の進路を支障する落石などの事態が発生するおそれのない鉄道である場合。ただし、線路上に列車運行上の障害となる事象が発生したことを検知し、自動的に列車を停止できる装置を備える場合その他列車の安全な運転に支障を及ぼすおそれのない措置を講じた場合は、この限りでない。
Q: 列車の運転中に酒気を帯びた状態の確認が必要な係員が、仕業前にアルコール検知器で測定した数値が0.05%だった場合、その係員を乗務させるべきか？理由も含めて答えなさい。
A:",2,演算問題,列車の運転中に酒気を帯びた状態の確認が必要な係員が、仕業前にアルコール検知器で測定した数値が0.05%だった場合、その係員を乗務させるべきか？理由も含めて答えなさい。,その係員を乗務させるべきではない。理由は、鉄道事業者の規定により、酒気を帯びた状態での乗務は禁止されているため。アルコール検知器で測定した数値が0.05%である場合、酒気帯びの状態と判断されるため、当該係員は乗務を許可されない。
"Context: 列車が極めて高い速度（130km/h を超え 160km/h 以下）で通過する踏切道は、踏切遮断機、障害物検知装置（自動車が通行する踏切道に限る。）が設けられていること。また、この場合において、自動車が通行する踏切道は大型自動車が通行しないものであること。ただし、やむを得ず大型自動車が通行する踏切道には、二段型遮断装置、大型遮断装置、オーバーハング型警報装置等、踏切の視認性を高める等の大型自動車の踏切支障を有効に防止するための措置を行うこと。#9.施設及び車両の保全 無軌条電車以外の鉄道のプラットホームの有効長は、当該プラットホームに発着する列車の最も前方にある旅客車から最も後方にある旅客車（車両に直接接続する形式のホームドアを設ける場合においては、列車の最も前方にある乗降口の前端から最も後方にある乗降口の後端）までの長さのうち最長のものの長さ以上であって、かつ、旅客の安全及び円滑な乗降に支障を及ぼすおそれのないものであること。ただし、当該プラットホームにおける乗降人員が少ない場合であって、列車の運用上やむを得ない場合にあっては、ドア非扱いを行い、かつ、案内放送を行う等の旅客の転落等の危険を防止するための措置を講ずることによりプラットホームの有効長を発着する列車長に対して短くすることができる。 １の係員に対する教育及び訓練の実施、適性、知識及び技能の確認は、当該係員の所属する鉄道事業者（係員が所属している事業者が鉄道事業者以外の場合にあっては、当該作業を委託した鉄道事業者。以下同じ。）が実施要領を定めて行うこととする。ただし、教育及び訓練の実施、適性、知識及び技能の確認の管理を当該鉄道事業者が行う場合は、他の者にこれを行わせることができる。 新幹線の騒音については、新幹線鉄道に係る環境基準(環境省(旧環境庁)告示)によるものとするが、音源対策が騒音の防止または軽減を図る上で最も基本的な施策であり、早期にその達成が困難なことから、環境省(旧環境庁)からの要請により、東海道、山陽、東北、上越の各新幹線については、当面、沿線の住宅の集合度合いに応じ、音源対策により順次75デシベル以下とすることを目標とする。 ただし、廃止前の普通鉄道構造規則、新幹線鉄道構造規則、特殊鉄道構造規則、新幹線鉄道運転規則及び鉄道運転規則(以下「旧省令」という。)において、特別の構造又は取扱いの許可(以下「特別許可」という。)を受け、又は附則に基づく経過措置により、特別許可を受けたものとみなされた施設、車両及び取扱いであって、この解釈基準に適合しないものについては、この限りでない。
Q: 線路の保守作業中に列車が接近する場合、係員が適切な防護措置を取るための具体的な手順を示しなさい。
A:","Context: 人等が容易に線路内に立ち入ることができない構造であり、かつ、列車の進路を支障する落石などの事態が発生するおそれのない鉄道である場合。ただし、線路上に列車運行上の障害となる事象が発生したことを検知し、自動的に列車を停止できる装置を備える場合その他列車の安全な運転に支障を及ぼすおそれのない措置を講じた場合は、この限りでない。 列車が極めて高い速度（130km/h を超え 160km/h 以下）で通過する踏切道は、踏切遮断機、障害物検知装置（自動車が通行する踏切道に限る。）が設けられていること。また、この場合において、自動車が通行する踏切道は大型自動車が通行しないものであること。ただし、やむを得ず大型自動車が通行する踏切道には、二段型遮断装置、大型遮断装置、オーバーハング型警報装置等、踏切の視認性を高める等の大型自動車の踏切支障を有効に防止するための措置を行うこと。#9.施設及び車両の保全
Q: 線路の保守作業中に列車が接近する場合、係員が適切な防護措置を取るための具体的な手順を示しなさい。
A:",2,演算問題,線路の保守作業中に列車が接近する場合、係員が適切な防護措置を取るための具体的な手順を示しなさい。,線路の保守作業中に列車が接近する場合、係員は次の手順を取るべきである。まず、列車の接近を確認したら、すぐに警報を発し、作業中の他の係員に通知する。次に、安全な場所に退避し、列車の進行を妨げないようにする。必要に応じて、列車運転士に対して減速や停止の指示を出す。最後に、列車が通過した後、作業の再開について確認を行い、安全を確認してから作業を再開する。
"Context: 無軌条電車以外の鉄道のプラットホームの有効長は、当該プラットホームに発着する列車の最も前方にある旅客車から最も後方にある旅客車（車両に直接接続する形式のホームドアを設ける場合においては、列車の最も前方にある乗降口の前端から最も後方にある乗降口の後端）までの長さのうち最長のものの長さ以上であって、かつ、旅客の安全及び円滑な乗降に支障を及ぼすおそれのないものであること。ただし、当該プラットホームにおける乗降人員が少ない場合であって、列車の運用上やむを得ない場合にあっては、ドア非扱いを行い、かつ、案内放送を行う等の旅客の転落等の危険を防止するための措置を講ずることによりプラットホームの有効長を発着する列車長に対して短くすることができる。 列車が極めて高い速度（130km/h を超え 160km/h 以下）で通過する踏切道は、踏切遮断機、障害物検知装置（自動車が通行する踏切道に限る。）が設けられていること。また、この場合において、自動車が通行する踏切道は大型自動車が通行しないものであること。ただし、やむを得ず大型自動車が通行する踏切道には、二段型遮断装置、大型遮断装置、オーバーハング型警報装置等、踏切の視認性を高める等の大型自動車の踏切支障を有効に防止するための措置を行うこと。#9.施設及び車両の保全 １の係員に対する教育及び訓練の実施、適性、知識及び技能の確認は、当該係員の所属する鉄道事業者（係員が所属している事業者が鉄道事業者以外の場合にあっては、当該作業を委託した鉄道事業者。以下同じ。）が実施要領を定めて行うこととする。ただし、教育及び訓練の実施、適性、知識及び技能の確認の管理を当該鉄道事業者が行う場合は、他の者にこれを行わせることができる。 新幹線の騒音については、新幹線鉄道に係る環境基準(環境省(旧環境庁)告示)によるものとするが、音源対策が騒音の防止または軽減を図る上で最も基本的な施策であり、早期にその達成が困難なことから、環境省(旧環境庁)からの要請により、東海道、山陽、東北、上越の各新幹線については、当面、沿線の住宅の集合度合いに応じ、音源対策により順次75デシベル以下とすることを目標とする。 ただし、廃止前の普通鉄道構造規則、新幹線鉄道構造規則、特殊鉄道構造規則、新幹線鉄道運転規則及び鉄道運転規則(以下「旧省令」という。)において、特別の構造又は取扱いの許可(以下「特別許可」という。)を受け、又は附則に基づく経過措置により、特別許可を受けたものとみなされた施設、車両及び取扱いであって、この解釈基準に適合しないものについては、この限りでない。
Q: プラットホームの幅は、両側を使用するものにあっては中央部を______以上、端部を______以上とする。
A:","Context: 普通鉄道（新幹線を除く。）及び特殊鉄道（新幹線を除く。）のプラットホームの幅は、両側を使用するものにあっては中央部を 3m 以上、端部を 2m 以上、片側を使用するものにあっては中央部を 2m 以上、端部を 1.5m 以上とする。 新幹線のプラットホームの幅は、両側を使用するものにあっては 9m 以上、片側を使用するものにあっては 5m 以上とする。ただし、曲線に沿うプラットホームの端部については、両側を使用するものにあっては 5m 以上、片側を使用するものにあっては 4m以上とすることができる。
Q: プラットホームの幅は、両側を使用するものにあっては中央部を______以上、端部を______以上とする。
A:",4,穴埋め問題,プラットホームの幅は、両側を使用するものにあっては中央部を______以上、端部を______以上とする。,"3m, 2m"
"Context: 無軌条電車以外の鉄道のプラットホームの有効長は、当該プラットホームに発着する列車の最も前方にある旅客車から最も後方にある旅客車（車両に直接接続する形式のホームドアを設ける場合においては、列車の最も前方にある乗降口の前端から最も後方にある乗降口の後端）までの長さのうち最長のものの長さ以上であって、かつ、旅客の安全及び円滑な乗降に支障を及ぼすおそれのないものであること。ただし、当該プラットホームにおける乗降人員が少ない場合であって、列車の運用上やむを得ない場合にあっては、ドア非扱いを行い、かつ、案内放送を行う等の旅客の転落等の危険を防止するための措置を講ずることによりプラットホームの有効長を発着する列車長に対して短くすることができる。 列車が極めて高い速度（130km/h を超え 160km/h 以下）で通過する踏切道は、踏切遮断機、障害物検知装置（自動車が通行する踏切道に限る。）が設けられていること。また、この場合において、自動車が通行する踏切道は大型自動車が通行しないものであること。ただし、やむを得ず大型自動車が通行する踏切道には、二段型遮断装置、大型遮断装置、オーバーハング型警報装置等、踏切の視認性を高める等の大型自動車の踏切支障を有効に防止するための措置を行うこと。#9.施設及び車両の保全 新幹線の騒音については、新幹線鉄道に係る環境基準(環境省(旧環境庁)告示)によるものとするが、音源対策が騒音の防止または軽減を図る上で最も基本的な施策であり、早期にその達成が困難なことから、環境省(旧環境庁)からの要請により、東海道、山陽、東北、上越の各新幹線については、当面、沿線の住宅の集合度合いに応じ、音源対策により順次75デシベル以下とすることを目標とする。 １の係員に対する教育及び訓練の実施、適性、知識及び技能の確認は、当該係員の所属する鉄道事業者（係員が所属している事業者が鉄道事業者以外の場合にあっては、当該作業を委託した鉄道事業者。以下同じ。）が実施要領を定めて行うこととする。ただし、教育及び訓練の実施、適性、知識及び技能の確認の管理を当該鉄道事業者が行う場合は、他の者にこれを行わせることができる。 ただし、廃止前の普通鉄道構造規則、新幹線鉄道構造規則、特殊鉄道構造規則、新幹線鉄道運転規則及び鉄道運転規則(以下「旧省令」という。)において、特別の構造又は取扱いの許可(以下「特別許可」という。)を受け、又は附則に基づく経過措置により、特別許可を受けたものとみなされた施設、車両及び取扱いであって、この解釈基準に適合しないものについては、この限りでない。
Q: 新幹線のプラットホームにある柱類とプラットホームの縁端との距離は______以上とする。
A:","Context: ホームドア又は可動式ホーム柵を設けたプラットホームにあっては、プラットホームにあるこ線橋口、地下道口、待合所等とホームドア又は可動式ホーム柵との距離は、1.2m以上（旅客の乗降に支障を及ぼすおそれのない箇所にあっては、0.9m 以上）とする。 無軌条電車以外の鉄道のプラットホームの有効長は、当該プラットホームに発着する列車の最も前方にある旅客車から最も後方にある旅客車（車両に直接接続する形式のホームドアを設ける場合においては、列車の最も前方にある乗降口の前端から最も後方にある乗降口の後端）までの長さのうち最長のものの長さ以上であって、かつ、旅客の安全及び円滑な乗降に支障を及ぼすおそれのないものであること。ただし、当該プラットホームにおける乗降人員が少ない場合であって、列車の運用上やむを得ない場合にあっては、ドア非扱いを行い、かつ、案内放送を行う等の旅客の転落等の危険を防止するための措置を講ずることによりプラットホームの有効長を発着する列車長に対して短くすることができる。
Q: 新幹線のプラットホームにある柱類とプラットホームの縁端との距離は______以上とする。
A:",4,穴埋め問題,新幹線のプラットホームにある柱類とプラットホームの縁端との距離は______以上とする。,2m
"Context: 無軌条電車以外の鉄道のプラットホームの有効長は、当該プラットホームに発着する列車の最も前方にある旅客車から最も後方にある旅客車（車両に直接接続する形式のホームドアを設ける場合においては、列車の最も前方にある乗降口の前端から最も後方にある乗降口の後端）までの長さのうち最長のものの長さ以上であって、かつ、旅客の安全及び円滑な乗降に支障を及ぼすおそれのないものであること。ただし、当該プラットホームにおける乗降人員が少ない場合であって、列車の運用上やむを得ない場合にあっては、ドア非扱いを行い、かつ、案内放送を行う等の旅客の転落等の危険を防止するための措置を講ずることによりプラットホームの有効長を発着する列車長に対して短くすることができる。 列車が極めて高い速度（130km/h を超え 160km/h 以下）で通過する踏切道は、踏切遮断機、障害物検知装置（自動車が通行する踏切道に限る。）が設けられていること。また、この場合において、自動車が通行する踏切道は大型自動車が通行しないものであること。ただし、やむを得ず大型自動車が通行する踏切道には、二段型遮断装置、大型遮断装置、オーバーハング型警報装置等、踏切の視認性を高める等の大型自動車の踏切支障を有効に防止するための措置を行うこと。#9.施設及び車両の保全 １の係員に対する教育及び訓練の実施、適性、知識及び技能の確認は、当該係員の所属する鉄道事業者（係員が所属している事業者が鉄道事業者以外の場合にあっては、当該作業を委託した鉄道事業者。以下同じ。）が実施要領を定めて行うこととする。ただし、教育及び訓練の実施、適性、知識及び技能の確認の管理を当該鉄道事業者が行う場合は、他の者にこれを行わせることができる。 新幹線の騒音については、新幹線鉄道に係る環境基準(環境省(旧環境庁)告示)によるものとするが、音源対策が騒音の防止または軽減を図る上で最も基本的な施策であり、早期にその達成が困難なことから、環境省(旧環境庁)からの要請により、東海道、山陽、東北、上越の各新幹線については、当面、沿線の住宅の集合度合いに応じ、音源対策により順次75デシベル以下とすることを目標とする。 ただし、廃止前の普通鉄道構造規則、新幹線鉄道構造規則、特殊鉄道構造規則、新幹線鉄道運転規則及び鉄道運転規則(以下「旧省令」という。)において、特別の構造又は取扱いの許可(以下「特別許可」という。)を受け、又は附則に基づく経過措置により、特別許可を受けたものとみなされた施設、車両及び取扱いであって、この解釈基準に適合しないものについては、この限りでない。
Q: 貨物の取扱いに必要な駅設備には何が含まれますか？
A:","Context: 列車が極めて高い速度（130km/h を超え 160km/h 以下）で通過する踏切道は、踏切遮断機、障害物検知装置（自動車が通行する踏切道に限る。）が設けられていること。また、この場合において、自動車が通行する踏切道は大型自動車が通行しないものであること。ただし、やむを得ず大型自動車が通行する踏切道には、二段型遮断装置、大型遮断装置、オーバーハング型警報装置等、踏切の視認性を高める等の大型自動車の踏切支障を有効に防止するための措置を行うこと。#9.施設及び車両の保全 人等が容易に線路内に立ち入ることができない構造であり、かつ、列車の進路を支障する落石などの事態が発生するおそれのない鉄道である場合。ただし、線路上に列車運行上の障害となる事象が発生したことを検知し、自動的に列車を停止できる装置を備える場合その他列車の安全な運転に支障を及ぼすおそれのない措置を講じた場合は、この限りでない。
Q: 貨物の取扱いに必要な駅設備には何が含まれますか？
A:",4,短答問題,貨物の取扱いに必要な駅設備には何が含まれますか？,貨物積卸設備、貨物通路、荷捌き保管設備、関係諸建物、通運関係設備
"Context: 無軌条電車以外の鉄道のプラットホームの有効長は、当該プラットホームに発着する列車の最も前方にある旅客車から最も後方にある旅客車（車両に直接接続する形式のホームドアを設ける場合においては、列車の最も前方にある乗降口の前端から最も後方にある乗降口の後端）までの長さのうち最長のものの長さ以上であって、かつ、旅客の安全及び円滑な乗降に支障を及ぼすおそれのないものであること。ただし、当該プラットホームにおける乗降人員が少ない場合であって、列車の運用上やむを得ない場合にあっては、ドア非扱いを行い、かつ、案内放送を行う等の旅客の転落等の危険を防止するための措置を講ずることによりプラットホームの有効長を発着する列車長に対して短くすることができる。 列車が極めて高い速度（130km/h を超え 160km/h 以下）で通過する踏切道は、踏切遮断機、障害物検知装置（自動車が通行する踏切道に限る。）が設けられていること。また、この場合において、自動車が通行する踏切道は大型自動車が通行しないものであること。ただし、やむを得ず大型自動車が通行する踏切道には、二段型遮断装置、大型遮断装置、オーバーハング型警報装置等、踏切の視認性を高める等の大型自動車の踏切支障を有効に防止するための措置を行うこと。#9.施設及び車両の保全 新幹線の騒音については、新幹線鉄道に係る環境基準(環境省(旧環境庁)告示)によるものとするが、音源対策が騒音の防止または軽減を図る上で最も基本的な施策であり、早期にその達成が困難なことから、環境省(旧環境庁)からの要請により、東海道、山陽、東北、上越の各新幹線については、当面、沿線の住宅の集合度合いに応じ、音源対策により順次75デシベル以下とすることを目標とする。 １の係員に対する教育及び訓練の実施、適性、知識及び技能の確認は、当該係員の所属する鉄道事業者（係員が所属している事業者が鉄道事業者以外の場合にあっては、当該作業を委託した鉄道事業者。以下同じ。）が実施要領を定めて行うこととする。ただし、教育及び訓練の実施、適性、知識及び技能の確認の管理を当該鉄道事業者が行う場合は、他の者にこれを行わせることができる。 ただし、廃止前の普通鉄道構造規則、新幹線鉄道構造規則、特殊鉄道構造規則、新幹線鉄道運転規則及び鉄道運転規則(以下「旧省令」という。)において、特別の構造又は取扱いの許可(以下「特別許可」という。)を受け、又は附則に基づく経過措置により、特別許可を受けたものとみなされた施設、車両及び取扱いであって、この解釈基準に適合しないものについては、この限りでない。
Q: 普通鉄道のプラットホームの有効長は何を基準にしていますか？
A:","Context: 無軌条電車以外の鉄道のプラットホームの有効長は、当該プラットホームに発着する列車の最も前方にある旅客車から最も後方にある旅客車（車両に直接接続する形式のホームドアを設ける場合においては、列車の最も前方にある乗降口の前端から最も後方にある乗降口の後端）までの長さのうち最長のものの長さ以上であって、かつ、旅客の安全及び円滑な乗降に支障を及ぼすおそれのないものであること。ただし、当該プラットホームにおける乗降人員が少ない場合であって、列車の運用上やむを得ない場合にあっては、ドア非扱いを行い、かつ、案内放送を行う等の旅客の転落等の危険を防止するための措置を講ずることによりプラットホームの有効長を発着する列車長に対して短くすることができる。 ホームドア又は可動式ホーム柵を設けたプラットホームにあっては、プラットホームにあるこ線橋口、地下道口、待合所等とホームドア又は可動式ホーム柵との距離は、1.2m以上（旅客の乗降に支障を及ぼすおそれのない箇所にあっては、0.9m 以上）とする。
Q: 普通鉄道のプラットホームの有効長は何を基準にしていますか？
A:",4,短答問題,普通鉄道のプラットホームの有効長は何を基準にしていますか？,発着する列車の最も前方から最も後方までの長さ
"Context: 無軌条電車以外の鉄道のプラットホームの有効長は、当該プラットホームに発着する列車の最も前方にある旅客車から最も後方にある旅客車（車両に直接接続する形式のホームドアを設ける場合においては、列車の最も前方にある乗降口の前端から最も後方にある乗降口の後端）までの長さのうち最長のものの長さ以上であって、かつ、旅客の安全及び円滑な乗降に支障を及ぼすおそれのないものであること。ただし、当該プラットホームにおける乗降人員が少ない場合であって、列車の運用上やむを得ない場合にあっては、ドア非扱いを行い、かつ、案内放送を行う等の旅客の転落等の危険を防止するための措置を講ずることによりプラットホームの有効長を発着する列車長に対して短くすることができる。 列車が極めて高い速度（130km/h を超え 160km/h 以下）で通過する踏切道は、踏切遮断機、障害物検知装置（自動車が通行する踏切道に限る。）が設けられていること。また、この場合において、自動車が通行する踏切道は大型自動車が通行しないものであること。ただし、やむを得ず大型自動車が通行する踏切道には、二段型遮断装置、大型遮断装置、オーバーハング型警報装置等、踏切の視認性を高める等の大型自動車の踏切支障を有効に防止するための措置を行うこと。#9.施設及び車両の保全 １の係員に対する教育及び訓練の実施、適性、知識及び技能の確認は、当該係員の所属する鉄道事業者（係員が所属している事業者が鉄道事業者以外の場合にあっては、当該作業を委託した鉄道事業者。以下同じ。）が実施要領を定めて行うこととする。ただし、教育及び訓練の実施、適性、知識及び技能の確認の管理を当該鉄道事業者が行う場合は、他の者にこれを行わせることができる。 新幹線の騒音については、新幹線鉄道に係る環境基準(環境省(旧環境庁)告示)によるものとするが、音源対策が騒音の防止または軽減を図る上で最も基本的な施策であり、早期にその達成が困難なことから、環境省(旧環境庁)からの要請により、東海道、山陽、東北、上越の各新幹線については、当面、沿線の住宅の集合度合いに応じ、音源対策により順次75デシベル以下とすることを目標とする。 ただし、廃止前の普通鉄道構造規則、新幹線鉄道構造規則、特殊鉄道構造規則、新幹線鉄道運転規則及び鉄道運転規則(以下「旧省令」という。)において、特別の構造又は取扱いの許可(以下「特別許可」という。)を受け、又は附則に基づく経過措置により、特別許可を受けたものとみなされた施設、車両及び取扱いであって、この解釈基準に適合しないものについては、この限りでない。
Q: 駅の設備が旅客の安全と利便性にどのように寄与するかについて説明してください。
A:","Context: 無軌条電車以外の鉄道のプラットホームの有効長は、当該プラットホームに発着する列車の最も前方にある旅客車から最も後方にある旅客車（車両に直接接続する形式のホームドアを設ける場合においては、列車の最も前方にある乗降口の前端から最も後方にある乗降口の後端）までの長さのうち最長のものの長さ以上であって、かつ、旅客の安全及び円滑な乗降に支障を及ぼすおそれのないものであること。ただし、当該プラットホームにおける乗降人員が少ない場合であって、列車の運用上やむを得ない場合にあっては、ドア非扱いを行い、かつ、案内放送を行う等の旅客の転落等の危険を防止するための措置を講ずることによりプラットホームの有効長を発着する列車長に対して短くすることができる。 １の係員に対する教育及び訓練の実施、適性、知識及び技能の確認は、当該係員の所属する鉄道事業者（係員が所属している事業者が鉄道事業者以外の場合にあっては、当該作業を委託した鉄道事業者。以下同じ。）が実施要領を定めて行うこととする。ただし、教育及び訓練の実施、適性、知識及び技能の確認の管理を当該鉄道事業者が行う場合は、他の者にこれを行わせることができる。
Q: 駅の設備が旅客の安全と利便性にどのように寄与するかについて説明してください。
A:",4,抽象問題,駅の設備が旅客の安全と利便性にどのように寄与するかについて説明してください。,駅の設備は旅客の乗降を安全かつ円滑に行うために必要です。プラットホームの幅や長さは乗客の安全を確保するために設計されており、エレベーターやエスカレーターなどの流動設備は高齢者や障害者を含むすべての旅客が移動しやすくするために重要です。また、案内サインや照明設備は旅客がスムーズに目的地に到達できるように誘導します。
"Context: 無軌条電車以外の鉄道のプラットホームの有効長は、当該プラットホームに発着する列車の最も前方にある旅客車から最も後方にある旅客車（車両に直接接続する形式のホームドアを設ける場合においては、列車の最も前方にある乗降口の前端から最も後方にある乗降口の後端）までの長さのうち最長のものの長さ以上であって、かつ、旅客の安全及び円滑な乗降に支障を及ぼすおそれのないものであること。ただし、当該プラットホームにおける乗降人員が少ない場合であって、列車の運用上やむを得ない場合にあっては、ドア非扱いを行い、かつ、案内放送を行う等の旅客の転落等の危険を防止するための措置を講ずることによりプラットホームの有効長を発着する列車長に対して短くすることができる。 列車が極めて高い速度（130km/h を超え 160km/h 以下）で通過する踏切道は、踏切遮断機、障害物検知装置（自動車が通行する踏切道に限る。）が設けられていること。また、この場合において、自動車が通行する踏切道は大型自動車が通行しないものであること。ただし、やむを得ず大型自動車が通行する踏切道には、二段型遮断装置、大型遮断装置、オーバーハング型警報装置等、踏切の視認性を高める等の大型自動車の踏切支障を有効に防止するための措置を行うこと。#9.施設及び車両の保全 新幹線の騒音については、新幹線鉄道に係る環境基準(環境省(旧環境庁)告示)によるものとするが、音源対策が騒音の防止または軽減を図る上で最も基本的な施策であり、早期にその達成が困難なことから、環境省(旧環境庁)からの要請により、東海道、山陽、東北、上越の各新幹線については、当面、沿線の住宅の集合度合いに応じ、音源対策により順次75デシベル以下とすることを目標とする。 １の係員に対する教育及び訓練の実施、適性、知識及び技能の確認は、当該係員の所属する鉄道事業者（係員が所属している事業者が鉄道事業者以外の場合にあっては、当該作業を委託した鉄道事業者。以下同じ。）が実施要領を定めて行うこととする。ただし、教育及び訓練の実施、適性、知識及び技能の確認の管理を当該鉄道事業者が行う場合は、他の者にこれを行わせることができる。 ただし、廃止前の普通鉄道構造規則、新幹線鉄道構造規則、特殊鉄道構造規則、新幹線鉄道運転規則及び鉄道運転規則(以下「旧省令」という。)において、特別の構造又は取扱いの許可(以下「特別許可」という。)を受け、又は附則に基づく経過措置により、特別許可を受けたものとみなされた施設、車両及び取扱いであって、この解釈基準に適合しないものについては、この限りでない。
Q: プラットホームの設計において、ホームドアまたは可動式ホーム柵の役割とその重要性について述べてください。
A:","Context: 列車が極めて高い速度（130km/h を超え 160km/h 以下）で通過する踏切道は、踏切遮断機、障害物検知装置（自動車が通行する踏切道に限る。）が設けられていること。また、この場合において、自動車が通行する踏切道は大型自動車が通行しないものであること。ただし、やむを得ず大型自動車が通行する踏切道には、二段型遮断装置、大型遮断装置、オーバーハング型警報装置等、踏切の視認性を高める等の大型自動車の踏切支障を有効に防止するための措置を行うこと。#9.施設及び車両の保全 新幹線の騒音については、新幹線鉄道に係る環境基準(環境省(旧環境庁)告示)によるものとするが、音源対策が騒音の防止または軽減を図る上で最も基本的な施策であり、早期にその達成が困難なことから、環境省(旧環境庁)からの要請により、東海道、山陽、東北、上越の各新幹線については、当面、沿線の住宅の集合度合いに応じ、音源対策により順次75デシベル以下とすることを目標とする。
Q: プラットホームの設計において、ホームドアまたは可動式ホーム柵の役割とその重要性について述べてください。
A:",4,抽象問題,プラットホームの設計において、ホームドアまたは可動式ホーム柵の役割とその重要性について述べてください。,ホームドアまたは可動式ホーム柵は、プラットホーム上の旅客の安全を確保するために非常に重要です。これらの設備は列車の出発・到着時に乗客が誤ってホームから転落するのを防ぎ、特に混雑した時間帯や高速列車の通過時に重要な役割を果たします。ホームドアはまた、列車のドアが正確に開閉することを保証し、乗客の乗降をより安全かつ効率的に行えるようにします。
"Context: 列車が極めて高い速度（130km/h を超え 160km/h 以下）で通過する踏切道は、踏切遮断機、障害物検知装置（自動車が通行する踏切道に限る。）が設けられていること。また、この場合において、自動車が通行する踏切道は大型自動車が通行しないものであること。ただし、やむを得ず大型自動車が通行する踏切道には、二段型遮断装置、大型遮断装置、オーバーハング型警報装置等、踏切の視認性を高める等の大型自動車の踏切支障を有効に防止するための措置を行うこと。#9.施設及び車両の保全 無軌条電車以外の鉄道のプラットホームの有効長は、当該プラットホームに発着する列車の最も前方にある旅客車から最も後方にある旅客車（車両に直接接続する形式のホームドアを設ける場合においては、列車の最も前方にある乗降口の前端から最も後方にある乗降口の後端）までの長さのうち最長のものの長さ以上であって、かつ、旅客の安全及び円滑な乗降に支障を及ぼすおそれのないものであること。ただし、当該プラットホームにおける乗降人員が少ない場合であって、列車の運用上やむを得ない場合にあっては、ドア非扱いを行い、かつ、案内放送を行う等の旅客の転落等の危険を防止するための措置を講ずることによりプラットホームの有効長を発着する列車長に対して短くすることができる。 新幹線の騒音については、新幹線鉄道に係る環境基準(環境省(旧環境庁)告示)によるものとするが、音源対策が騒音の防止または軽減を図る上で最も基本的な施策であり、早期にその達成が困難なことから、環境省(旧環境庁)からの要請により、東海道、山陽、東北、上越の各新幹線については、当面、沿線の住宅の集合度合いに応じ、音源対策により順次75デシベル以下とすることを目標とする。 １の係員に対する教育及び訓練の実施、適性、知識及び技能の確認は、当該係員の所属する鉄道事業者（係員が所属している事業者が鉄道事業者以外の場合にあっては、当該作業を委託した鉄道事業者。以下同じ。）が実施要領を定めて行うこととする。ただし、教育及び訓練の実施、適性、知識及び技能の確認の管理を当該鉄道事業者が行う場合は、他の者にこれを行わせることができる。 ただし、廃止前の普通鉄道構造規則、新幹線鉄道構造規則、特殊鉄道構造規則、新幹線鉄道運転規則及び鉄道運転規則(以下「旧省令」という。)において、特別の構造又は取扱いの許可(以下「特別許可」という。)を受け、又は附則に基づく経過措置により、特別許可を受けたものとみなされた施設、車両及び取扱いであって、この解釈基準に適合しないものについては、この限りでない。
Q: 鉄道が、道路と平面交差できる場合とは、新幹線又は新幹線に準ずる速度（______km/h を超え ______km/h 未満）で運転する鉄道以外の鉄道で、鉄道の運転本数及び道路の交通量が少ない場合や鉄道路線の地勢地形等の状況から立体交差化が真に困難な状況の場合に限る。
A:","Context: 鉄道が、道路と平面交差できる場合とは、新幹線又は新幹線に準ずる速度（160km/h を超え 200km/h 未満）で運転する鉄道以外の鉄道で、鉄道の運転本数及び道路の交通量が少ない場合や鉄道路線の地勢地形等の状況から立体交差化が真に困難な状況の場合に限る。 列車が極めて高い速度（130km/h を超え 160km/h 以下）で通過する踏切道は、踏切遮断機、障害物検知装置（自動車が通行する踏切道に限る。）が設けられていること。また、この場合において、自動車が通行する踏切道は大型自動車が通行しないものであること。ただし、やむを得ず大型自動車が通行する踏切道には、二段型遮断装置、大型遮断装置、オーバーハング型警報装置等、踏切の視認性を高める等の大型自動車の踏切支障を有効に防止するための措置を行うこと。#9.施設及び車両の保全
Q: 鉄道が、道路と平面交差できる場合とは、新幹線又は新幹線に準ずる速度（______km/h を超え ______km/h 未満）で運転する鉄道以外の鉄道で、鉄道の運転本数及び道路の交通量が少ない場合や鉄道路線の地勢地形等の状況から立体交差化が真に困難な状況の場合に限る。
A:",5,穴埋め問題,鉄道が、道路と平面交差できる場合とは、新幹線又は新幹線に準ずる速度（______km/h を超え ______km/h 未満）で運転する鉄道以外の鉄道で、鉄道の運転本数及び道路の交通量が少ない場合や鉄道路線の地勢地形等の状況から立体交差化が真に困難な状況の場合に限る。,"160, 200"
"Context: 列車が極めて高い速度（130km/h を超え 160km/h 以下）で通過する踏切道は、踏切遮断機、障害物検知装置（自動車が通行する踏切道に限る。）が設けられていること。また、この場合において、自動車が通行する踏切道は大型自動車が通行しないものであること。ただし、やむを得ず大型自動車が通行する踏切道には、二段型遮断装置、大型遮断装置、オーバーハング型警報装置等、踏切の視認性を高める等の大型自動車の踏切支障を有効に防止するための措置を行うこと。#9.施設及び車両の保全 無軌条電車以外の鉄道のプラットホームの有効長は、当該プラットホームに発着する列車の最も前方にある旅客車から最も後方にある旅客車（車両に直接接続する形式のホームドアを設ける場合においては、列車の最も前方にある乗降口の前端から最も後方にある乗降口の後端）までの長さのうち最長のものの長さ以上であって、かつ、旅客の安全及び円滑な乗降に支障を及ぼすおそれのないものであること。ただし、当該プラットホームにおける乗降人員が少ない場合であって、列車の運用上やむを得ない場合にあっては、ドア非扱いを行い、かつ、案内放送を行う等の旅客の転落等の危険を防止するための措置を講ずることによりプラットホームの有効長を発着する列車長に対して短くすることができる。 新幹線の騒音については、新幹線鉄道に係る環境基準(環境省(旧環境庁)告示)によるものとするが、音源対策が騒音の防止または軽減を図る上で最も基本的な施策であり、早期にその達成が困難なことから、環境省(旧環境庁)からの要請により、東海道、山陽、東北、上越の各新幹線については、当面、沿線の住宅の集合度合いに応じ、音源対策により順次75デシベル以下とすることを目標とする。 １の係員に対する教育及び訓練の実施、適性、知識及び技能の確認は、当該係員の所属する鉄道事業者（係員が所属している事業者が鉄道事業者以外の場合にあっては、当該作業を委託した鉄道事業者。以下同じ。）が実施要領を定めて行うこととする。ただし、教育及び訓練の実施、適性、知識及び技能の確認の管理を当該鉄道事業者が行う場合は、他の者にこれを行わせることができる。 ただし、廃止前の普通鉄道構造規則、新幹線鉄道構造規則、特殊鉄道構造規則、新幹線鉄道運転規則及び鉄道運転規則(以下「旧省令」という。)において、特別の構造又は取扱いの許可(以下「特別許可」という。)を受け、又は附則に基づく経過措置により、特別許可を受けたものとみなされた施設、車両及び取扱いであって、この解釈基準に適合しないものについては、この限りでない。
Q: 列車が極めて高い速度（______km/h を超え ______km/h 以下）で通過する踏切道は、踏切遮断機、障害物検知装置（自動車が通行する踏切道に限る。）が設けられていること。
A:","Context: 列車が極めて高い速度（130km/h を超え 160km/h 以下）で通過する踏切道は、踏切遮断機、障害物検知装置（自動車が通行する踏切道に限る。）が設けられていること。また、この場合において、自動車が通行する踏切道は大型自動車が通行しないものであること。ただし、やむを得ず大型自動車が通行する踏切道には、二段型遮断装置、大型遮断装置、オーバーハング型警報装置等、踏切の視認性を高める等の大型自動車の踏切支障を有効に防止するための措置を行うこと。#9.施設及び車両の保全 人等が容易に線路内に立ち入ることができない構造であり、かつ、列車の進路を支障する落石などの事態が発生するおそれのない鉄道である場合。ただし、線路上に列車運行上の障害となる事象が発生したことを検知し、自動的に列車を停止できる装置を備える場合その他列車の安全な運転に支障を及ぼすおそれのない措置を講じた場合は、この限りでない。
Q: 列車が極めて高い速度（______km/h を超え ______km/h 以下）で通過する踏切道は、踏切遮断機、障害物検知装置（自動車が通行する踏切道に限る。）が設けられていること。
A:",5,穴埋め問題,列車が極めて高い速度（______km/h を超え ______km/h 以下）で通過する踏切道は、踏切遮断機、障害物検知装置（自動車が通行する踏切道に限る。）が設けられていること。,"130, 160"
"Context: 列車が極めて高い速度（130km/h を超え 160km/h 以下）で通過する踏切道は、踏切遮断機、障害物検知装置（自動車が通行する踏切道に限る。）が設けられていること。また、この場合において、自動車が通行する踏切道は大型自動車が通行しないものであること。ただし、やむを得ず大型自動車が通行する踏切道には、二段型遮断装置、大型遮断装置、オーバーハング型警報装置等、踏切の視認性を高める等の大型自動車の踏切支障を有効に防止するための措置を行うこと。#9.施設及び車両の保全 無軌条電車以外の鉄道のプラットホームの有効長は、当該プラットホームに発着する列車の最も前方にある旅客車から最も後方にある旅客車（車両に直接接続する形式のホームドアを設ける場合においては、列車の最も前方にある乗降口の前端から最も後方にある乗降口の後端）までの長さのうち最長のものの長さ以上であって、かつ、旅客の安全及び円滑な乗降に支障を及ぼすおそれのないものであること。ただし、当該プラットホームにおける乗降人員が少ない場合であって、列車の運用上やむを得ない場合にあっては、ドア非扱いを行い、かつ、案内放送を行う等の旅客の転落等の危険を防止するための措置を講ずることによりプラットホームの有効長を発着する列車長に対して短くすることができる。 新幹線の騒音については、新幹線鉄道に係る環境基準(環境省(旧環境庁)告示)によるものとするが、音源対策が騒音の防止または軽減を図る上で最も基本的な施策であり、早期にその達成が困難なことから、環境省(旧環境庁)からの要請により、東海道、山陽、東北、上越の各新幹線については、当面、沿線の住宅の集合度合いに応じ、音源対策により順次75デシベル以下とすることを目標とする。 １の係員に対する教育及び訓練の実施、適性、知識及び技能の確認は、当該係員の所属する鉄道事業者（係員が所属している事業者が鉄道事業者以外の場合にあっては、当該作業を委託した鉄道事業者。以下同じ。）が実施要領を定めて行うこととする。ただし、教育及び訓練の実施、適性、知識及び技能の確認の管理を当該鉄道事業者が行う場合は、他の者にこれを行わせることができる。 ただし、廃止前の普通鉄道構造規則、新幹線鉄道構造規則、特殊鉄道構造規則、新幹線鉄道運転規則及び鉄道運転規則(以下「旧省令」という。)において、特別の構造又は取扱いの許可(以下「特別許可」という。)を受け、又は附則に基づく経過措置により、特別許可を受けたものとみなされた施設、車両及び取扱いであって、この解釈基準に適合しないものについては、この限りでない。
Q: 道路との交差角は何度以上である必要がありますか？
A:","Context: 列車が極めて高い速度（130km/h を超え 160km/h 以下）で通過する踏切道は、踏切遮断機、障害物検知装置（自動車が通行する踏切道に限る。）が設けられていること。また、この場合において、自動車が通行する踏切道は大型自動車が通行しないものであること。ただし、やむを得ず大型自動車が通行する踏切道には、二段型遮断装置、大型遮断装置、オーバーハング型警報装置等、踏切の視認性を高める等の大型自動車の踏切支障を有効に防止するための措置を行うこと。#9.施設及び車両の保全 鉄道が、道路と平面交差できる場合とは、新幹線又は新幹線に準ずる速度（160km/h を超え 200km/h 未満）で運転する鉄道以外の鉄道で、鉄道の運転本数及び道路の交通量が少ない場合や鉄道路線の地勢地形等の状況から立体交差化が真に困難な状況の場合に限る。
Q: 道路との交差角は何度以上である必要がありますか？
A:",5,短答問題,道路との交差角は何度以上である必要がありますか？,45度
"Context: 列車が極めて高い速度（130km/h を超え 160km/h 以下）で通過する踏切道は、踏切遮断機、障害物検知装置（自動車が通行する踏切道に限る。）が設けられていること。また、この場合において、自動車が通行する踏切道は大型自動車が通行しないものであること。ただし、やむを得ず大型自動車が通行する踏切道には、二段型遮断装置、大型遮断装置、オーバーハング型警報装置等、踏切の視認性を高める等の大型自動車の踏切支障を有効に防止するための措置を行うこと。#9.施設及び車両の保全 無軌条電車以外の鉄道のプラットホームの有効長は、当該プラットホームに発着する列車の最も前方にある旅客車から最も後方にある旅客車（車両に直接接続する形式のホームドアを設ける場合においては、列車の最も前方にある乗降口の前端から最も後方にある乗降口の後端）までの長さのうち最長のものの長さ以上であって、かつ、旅客の安全及び円滑な乗降に支障を及ぼすおそれのないものであること。ただし、当該プラットホームにおける乗降人員が少ない場合であって、列車の運用上やむを得ない場合にあっては、ドア非扱いを行い、かつ、案内放送を行う等の旅客の転落等の危険を防止するための措置を講ずることによりプラットホームの有効長を発着する列車長に対して短くすることができる。 新幹線の騒音については、新幹線鉄道に係る環境基準(環境省(旧環境庁)告示)によるものとするが、音源対策が騒音の防止または軽減を図る上で最も基本的な施策であり、早期にその達成が困難なことから、環境省(旧環境庁)からの要請により、東海道、山陽、東北、上越の各新幹線については、当面、沿線の住宅の集合度合いに応じ、音源対策により順次75デシベル以下とすることを目標とする。 １の係員に対する教育及び訓練の実施、適性、知識及び技能の確認は、当該係員の所属する鉄道事業者（係員が所属している事業者が鉄道事業者以外の場合にあっては、当該作業を委託した鉄道事業者。以下同じ。）が実施要領を定めて行うこととする。ただし、教育及び訓練の実施、適性、知識及び技能の確認の管理を当該鉄道事業者が行う場合は、他の者にこれを行わせることができる。 ただし、廃止前の普通鉄道構造規則、新幹線鉄道構造規則、特殊鉄道構造規則、新幹線鉄道運転規則及び鉄道運転規則(以下「旧省令」という。)において、特別の構造又は取扱いの許可(以下「特別許可」という。)を受け、又は附則に基づく経過措置により、特別許可を受けたものとみなされた施設、車両及び取扱いであって、この解釈基準に適合しないものについては、この限りでない。
Q: 普通鉄道の踏切道の路面はどのような状態である必要がありますか？
A:","Context: 列車が極めて高い速度（130km/h を超え 160km/h 以下）で通過する踏切道は、踏切遮断機、障害物検知装置（自動車が通行する踏切道に限る。）が設けられていること。また、この場合において、自動車が通行する踏切道は大型自動車が通行しないものであること。ただし、やむを得ず大型自動車が通行する踏切道には、二段型遮断装置、大型遮断装置、オーバーハング型警報装置等、踏切の視認性を高める等の大型自動車の踏切支障を有効に防止するための措置を行うこと。#9.施設及び車両の保全 鉄道が、道路と平面交差できる場合とは、新幹線又は新幹線に準ずる速度（160km/h を超え 200km/h 未満）で運転する鉄道以外の鉄道で、鉄道の運転本数及び道路の交通量が少ない場合や鉄道路線の地勢地形等の状況から立体交差化が真に困難な状況の場合に限る。
Q: 普通鉄道の踏切道の路面はどのような状態である必要がありますか？
A:",5,短答問題,普通鉄道の踏切道の路面はどのような状態である必要がありますか？,舗装したものである
"Context: 列車が極めて高い速度（130km/h を超え 160km/h 以下）で通過する踏切道は、踏切遮断機、障害物検知装置（自動車が通行する踏切道に限る。）が設けられていること。また、この場合において、自動車が通行する踏切道は大型自動車が通行しないものであること。ただし、やむを得ず大型自動車が通行する踏切道には、二段型遮断装置、大型遮断装置、オーバーハング型警報装置等、踏切の視認性を高める等の大型自動車の踏切支障を有効に防止するための措置を行うこと。#9.施設及び車両の保全 無軌条電車以外の鉄道のプラットホームの有効長は、当該プラットホームに発着する列車の最も前方にある旅客車から最も後方にある旅客車（車両に直接接続する形式のホームドアを設ける場合においては、列車の最も前方にある乗降口の前端から最も後方にある乗降口の後端）までの長さのうち最長のものの長さ以上であって、かつ、旅客の安全及び円滑な乗降に支障を及ぼすおそれのないものであること。ただし、当該プラットホームにおける乗降人員が少ない場合であって、列車の運用上やむを得ない場合にあっては、ドア非扱いを行い、かつ、案内放送を行う等の旅客の転落等の危険を防止するための措置を講ずることによりプラットホームの有効長を発着する列車長に対して短くすることができる。 新幹線の騒音については、新幹線鉄道に係る環境基準(環境省(旧環境庁)告示)によるものとするが、音源対策が騒音の防止または軽減を図る上で最も基本的な施策であり、早期にその達成が困難なことから、環境省(旧環境庁)からの要請により、東海道、山陽、東北、上越の各新幹線については、当面、沿線の住宅の集合度合いに応じ、音源対策により順次75デシベル以下とすることを目標とする。 １の係員に対する教育及び訓練の実施、適性、知識及び技能の確認は、当該係員の所属する鉄道事業者（係員が所属している事業者が鉄道事業者以外の場合にあっては、当該作業を委託した鉄道事業者。以下同じ。）が実施要領を定めて行うこととする。ただし、教育及び訓練の実施、適性、知識及び技能の確認の管理を当該鉄道事業者が行う場合は、他の者にこれを行わせることができる。 ただし、廃止前の普通鉄道構造規則、新幹線鉄道構造規則、特殊鉄道構造規則、新幹線鉄道運転規則及び鉄道運転規則(以下「旧省令」という。)において、特別の構造又は取扱いの許可(以下「特別許可」という。)を受け、又は附則に基づく経過措置により、特別許可を受けたものとみなされた施設、車両及び取扱いであって、この解釈基準に適合しないものについては、この限りでない。
Q: 鉄道が道路と平面交差する場合において、立体交差化が困難である理由を説明してください。
A:","Context: 列車が極めて高い速度（130km/h を超え 160km/h 以下）で通過する踏切道は、踏切遮断機、障害物検知装置（自動車が通行する踏切道に限る。）が設けられていること。また、この場合において、自動車が通行する踏切道は大型自動車が通行しないものであること。ただし、やむを得ず大型自動車が通行する踏切道には、二段型遮断装置、大型遮断装置、オーバーハング型警報装置等、踏切の視認性を高める等の大型自動車の踏切支障を有効に防止するための措置を行うこと。#9.施設及び車両の保全 人等が容易に線路内に立ち入ることができない構造であり、かつ、列車の進路を支障する落石などの事態が発生するおそれのない鉄道である場合。ただし、線路上に列車運行上の障害となる事象が発生したことを検知し、自動的に列車を停止できる装置を備える場合その他列車の安全な運転に支障を及ぼすおそれのない措置を講じた場合は、この限りでない。
Q: 鉄道が道路と平面交差する場合において、立体交差化が困難である理由を説明してください。
A:",5,抽象問題,鉄道が道路と平面交差する場合において、立体交差化が困難である理由を説明してください。,鉄道の運転本数及び道路の交通量が少ない場合や鉄道路線の地勢地形等の状況から立体交差化が真に困難な状況が含まれます。これにより、コストや技術的な制約が立体交差化の実現を妨げることがあります。
"Context: 列車が極めて高い速度（130km/h を超え 160km/h 以下）で通過する踏切道は、踏切遮断機、障害物検知装置（自動車が通行する踏切道に限る。）が設けられていること。また、この場合において、自動車が通行する踏切道は大型自動車が通行しないものであること。ただし、やむを得ず大型自動車が通行する踏切道には、二段型遮断装置、大型遮断装置、オーバーハング型警報装置等、踏切の視認性を高める等の大型自動車の踏切支障を有効に防止するための措置を行うこと。#9.施設及び車両の保全 無軌条電車以外の鉄道のプラットホームの有効長は、当該プラットホームに発着する列車の最も前方にある旅客車から最も後方にある旅客車（車両に直接接続する形式のホームドアを設ける場合においては、列車の最も前方にある乗降口の前端から最も後方にある乗降口の後端）までの長さのうち最長のものの長さ以上であって、かつ、旅客の安全及び円滑な乗降に支障を及ぼすおそれのないものであること。ただし、当該プラットホームにおける乗降人員が少ない場合であって、列車の運用上やむを得ない場合にあっては、ドア非扱いを行い、かつ、案内放送を行う等の旅客の転落等の危険を防止するための措置を講ずることによりプラットホームの有効長を発着する列車長に対して短くすることができる。 新幹線の騒音については、新幹線鉄道に係る環境基準(環境省(旧環境庁)告示)によるものとするが、音源対策が騒音の防止または軽減を図る上で最も基本的な施策であり、早期にその達成が困難なことから、環境省(旧環境庁)からの要請により、東海道、山陽、東北、上越の各新幹線については、当面、沿線の住宅の集合度合いに応じ、音源対策により順次75デシベル以下とすることを目標とする。 １の係員に対する教育及び訓練の実施、適性、知識及び技能の確認は、当該係員の所属する鉄道事業者（係員が所属している事業者が鉄道事業者以外の場合にあっては、当該作業を委託した鉄道事業者。以下同じ。）が実施要領を定めて行うこととする。ただし、教育及び訓練の実施、適性、知識及び技能の確認の管理を当該鉄道事業者が行う場合は、他の者にこれを行わせることができる。 ただし、廃止前の普通鉄道構造規則、新幹線鉄道構造規則、特殊鉄道構造規則、新幹線鉄道運転規則及び鉄道運転規則(以下「旧省令」という。)において、特別の構造又は取扱いの許可(以下「特別許可」という。)を受け、又は附則に基づく経過措置により、特別許可を受けたものとみなされた施設、車両及び取扱いであって、この解釈基準に適合しないものについては、この限りでない。
Q: 自動車が通行する踏切道で大型自動車の通行が必要な場合、どのような措置が求められますか？
A:","Context: 列車が極めて高い速度（130km/h を超え 160km/h 以下）で通過する踏切道は、踏切遮断機、障害物検知装置（自動車が通行する踏切道に限る。）が設けられていること。また、この場合において、自動車が通行する踏切道は大型自動車が通行しないものであること。ただし、やむを得ず大型自動車が通行する踏切道には、二段型遮断装置、大型遮断装置、オーバーハング型警報装置等、踏切の視認性を高める等の大型自動車の踏切支障を有効に防止するための措置を行うこと。#9.施設及び車両の保全 人等が容易に線路内に立ち入ることができない構造であり、かつ、列車の進路を支障する落石などの事態が発生するおそれのない鉄道である場合。ただし、線路上に列車運行上の障害となる事象が発生したことを検知し、自動的に列車を停止できる装置を備える場合その他列車の安全な運転に支障を及ぼすおそれのない措置を講じた場合は、この限りでない。
Q: 自動車が通行する踏切道で大型自動車の通行が必要な場合、どのような措置が求められますか？
A:",5,抽象問題,自動車が通行する踏切道で大型自動車の通行が必要な場合、どのような措置が求められますか？,大型自動車が通行する踏切道には、二段型遮断装置、大型遮断装置、オーバーハング型警報装置等、踏切の視認性を高める等の大型自動車の踏切支障を有効に防止するための措置が求められます。
"Context: 列車が極めて高い速度（130km/h を超え 160km/h 以下）で通過する踏切道は、踏切遮断機、障害物検知装置（自動車が通行する踏切道に限る。）が設けられていること。また、この場合において、自動車が通行する踏切道は大型自動車が通行しないものであること。ただし、やむを得ず大型自動車が通行する踏切道には、二段型遮断装置、大型遮断装置、オーバーハング型警報装置等、踏切の視認性を高める等の大型自動車の踏切支障を有効に防止するための措置を行うこと。#9.施設及び車両の保全 無軌条電車以外の鉄道のプラットホームの有効長は、当該プラットホームに発着する列車の最も前方にある旅客車から最も後方にある旅客車（車両に直接接続する形式のホームドアを設ける場合においては、列車の最も前方にある乗降口の前端から最も後方にある乗降口の後端）までの長さのうち最長のものの長さ以上であって、かつ、旅客の安全及び円滑な乗降に支障を及ぼすおそれのないものであること。ただし、当該プラットホームにおける乗降人員が少ない場合であって、列車の運用上やむを得ない場合にあっては、ドア非扱いを行い、かつ、案内放送を行う等の旅客の転落等の危険を防止するための措置を講ずることによりプラットホームの有効長を発着する列車長に対して短くすることができる。 新幹線の騒音については、新幹線鉄道に係る環境基準(環境省(旧環境庁)告示)によるものとするが、音源対策が騒音の防止または軽減を図る上で最も基本的な施策であり、早期にその達成が困難なことから、環境省(旧環境庁)からの要請により、東海道、山陽、東北、上越の各新幹線については、当面、沿線の住宅の集合度合いに応じ、音源対策により順次75デシベル以下とすることを目標とする。 １の係員に対する教育及び訓練の実施、適性、知識及び技能の確認は、当該係員の所属する鉄道事業者（係員が所属している事業者が鉄道事業者以外の場合にあっては、当該作業を委託した鉄道事業者。以下同じ。）が実施要領を定めて行うこととする。ただし、教育及び訓練の実施、適性、知識及び技能の確認の管理を当該鉄道事業者が行う場合は、他の者にこれを行わせることができる。 ただし、廃止前の普通鉄道構造規則、新幹線鉄道構造規則、特殊鉄道構造規則、新幹線鉄道運転規則及び鉄道運転規則(以下「旧省令」という。)において、特別の構造又は取扱いの許可(以下「特別許可」という。)を受け、又は附則に基づく経過措置により、特別許可を受けたものとみなされた施設、車両及び取扱いであって、この解釈基準に適合しないものについては、この限りでない。
Q: 鉄道が160km/hで運行する場合、新幹線に準ずる速度とみなされるかどうかを計算して答えてください。
A:","Context: 列車が極めて高い速度（130km/h を超え 160km/h 以下）で通過する踏切道は、踏切遮断機、障害物検知装置（自動車が通行する踏切道に限る。）が設けられていること。また、この場合において、自動車が通行する踏切道は大型自動車が通行しないものであること。ただし、やむを得ず大型自動車が通行する踏切道には、二段型遮断装置、大型遮断装置、オーバーハング型警報装置等、踏切の視認性を高める等の大型自動車の踏切支障を有効に防止するための措置を行うこと。#9.施設及び車両の保全 鉄道が、道路と平面交差できる場合とは、新幹線又は新幹線に準ずる速度（160km/h を超え 200km/h 未満）で運転する鉄道以外の鉄道で、鉄道の運転本数及び道路の交通量が少ない場合や鉄道路線の地勢地形等の状況から立体交差化が真に困難な状況の場合に限る。
Q: 鉄道が160km/hで運行する場合、新幹線に準ずる速度とみなされるかどうかを計算して答えてください。
A:",5,演算問題,鉄道が160km/hで運行する場合、新幹線に準ずる速度とみなされるかどうかを計算して答えてください。,鉄道が160km/hで運行する場合、新幹線に準ずる速度とはみなされません。なぜなら、新幹線に準ずる速度は160km/hを超え200km/h未満であるためです。
"Context: 列車が極めて高い速度（130km/h を超え 160km/h 以下）で通過する踏切道は、踏切遮断機、障害物検知装置（自動車が通行する踏切道に限る。）が設けられていること。また、この場合において、自動車が通行する踏切道は大型自動車が通行しないものであること。ただし、やむを得ず大型自動車が通行する踏切道には、二段型遮断装置、大型遮断装置、オーバーハング型警報装置等、踏切の視認性を高める等の大型自動車の踏切支障を有効に防止するための措置を行うこと。#9.施設及び車両の保全 無軌条電車以外の鉄道のプラットホームの有効長は、当該プラットホームに発着する列車の最も前方にある旅客車から最も後方にある旅客車（車両に直接接続する形式のホームドアを設ける場合においては、列車の最も前方にある乗降口の前端から最も後方にある乗降口の後端）までの長さのうち最長のものの長さ以上であって、かつ、旅客の安全及び円滑な乗降に支障を及ぼすおそれのないものであること。ただし、当該プラットホームにおける乗降人員が少ない場合であって、列車の運用上やむを得ない場合にあっては、ドア非扱いを行い、かつ、案内放送を行う等の旅客の転落等の危険を防止するための措置を講ずることによりプラットホームの有効長を発着する列車長に対して短くすることができる。 新幹線の騒音については、新幹線鉄道に係る環境基準(環境省(旧環境庁)告示)によるものとするが、音源対策が騒音の防止または軽減を図る上で最も基本的な施策であり、早期にその達成が困難なことから、環境省(旧環境庁)からの要請により、東海道、山陽、東北、上越の各新幹線については、当面、沿線の住宅の集合度合いに応じ、音源対策により順次75デシベル以下とすることを目標とする。 １の係員に対する教育及び訓練の実施、適性、知識及び技能の確認は、当該係員の所属する鉄道事業者（係員が所属している事業者が鉄道事業者以外の場合にあっては、当該作業を委託した鉄道事業者。以下同じ。）が実施要領を定めて行うこととする。ただし、教育及び訓練の実施、適性、知識及び技能の確認の管理を当該鉄道事業者が行う場合は、他の者にこれを行わせることができる。 ただし、廃止前の普通鉄道構造規則、新幹線鉄道構造規則、特殊鉄道構造規則、新幹線鉄道運転規則及び鉄道運転規則(以下「旧省令」という。)において、特別の構造又は取扱いの許可(以下「特別許可」という。)を受け、又は附則に基づく経過措置により、特別許可を受けたものとみなされた施設、車両及び取扱いであって、この解釈基準に適合しないものについては、この限りでない。
Q: 第８７条（施設及び車両の保全）関係については、「＿＿＿＿＿＿＿＿」の通達によること。
A:","Context: ただし、廃止前の普通鉄道構造規則、新幹線鉄道構造規則、特殊鉄道構造規則、新幹線鉄道運転規則及び鉄道運転規則(以下「旧省令」という。)において、特別の構造又は取扱いの許可(以下「特別許可」という。)を受け、又は附則に基づく経過措置により、特別許可を受けたものとみなされた施設、車両及び取扱いであって、この解釈基準に適合しないものについては、この限りでない。 列車が極めて高い速度（130km/h を超え 160km/h 以下）で通過する踏切道は、踏切遮断機、障害物検知装置（自動車が通行する踏切道に限る。）が設けられていること。また、この場合において、自動車が通行する踏切道は大型自動車が通行しないものであること。ただし、やむを得ず大型自動車が通行する踏切道には、二段型遮断装置、大型遮断装置、オーバーハング型警報装置等、踏切の視認性を高める等の大型自動車の踏切支障を有効に防止するための措置を行うこと。#9.施設及び車両の保全
Q: 第８７条（施設及び車両の保全）関係については、「＿＿＿＿＿＿＿＿」の通達によること。
A:",9,穴埋め問題,第８７条（施設及び車両の保全）関係については、「＿＿＿＿＿＿＿＿」の通達によること。,鉄道構造物等維持管理標準の制定について（平成19年1月16日付け国鉄技第73号）
"Context: 無軌条電車以外の鉄道のプラットホームの有効長は、当該プラットホームに発着する列車の最も前方にある旅客車から最も後方にある旅客車（車両に直接接続する形式のホームドアを設ける場合においては、列車の最も前方にある乗降口の前端から最も後方にある乗降口の後端）までの長さのうち最長のものの長さ以上であって、かつ、旅客の安全及び円滑な乗降に支障を及ぼすおそれのないものであること。ただし、当該プラットホームにおける乗降人員が少ない場合であって、列車の運用上やむを得ない場合にあっては、ドア非扱いを行い、かつ、案内放送を行う等の旅客の転落等の危険を防止するための措置を講ずることによりプラットホームの有効長を発着する列車長に対して短くすることができる。 列車が極めて高い速度（130km/h を超え 160km/h 以下）で通過する踏切道は、踏切遮断機、障害物検知装置（自動車が通行する踏切道に限る。）が設けられていること。また、この場合において、自動車が通行する踏切道は大型自動車が通行しないものであること。ただし、やむを得ず大型自動車が通行する踏切道には、二段型遮断装置、大型遮断装置、オーバーハング型警報装置等、踏切の視認性を高める等の大型自動車の踏切支障を有効に防止するための措置を行うこと。#9.施設及び車両の保全 新幹線の騒音については、新幹線鉄道に係る環境基準(環境省(旧環境庁)告示)によるものとするが、音源対策が騒音の防止または軽減を図る上で最も基本的な施策であり、早期にその達成が困難なことから、環境省(旧環境庁)からの要請により、東海道、山陽、東北、上越の各新幹線については、当面、沿線の住宅の集合度合いに応じ、音源対策により順次75デシベル以下とすることを目標とする。 １の係員に対する教育及び訓練の実施、適性、知識及び技能の確認は、当該係員の所属する鉄道事業者（係員が所属している事業者が鉄道事業者以外の場合にあっては、当該作業を委託した鉄道事業者。以下同じ。）が実施要領を定めて行うこととする。ただし、教育及び訓練の実施、適性、知識及び技能の確認の管理を当該鉄道事業者が行う場合は、他の者にこれを行わせることができる。 ただし、廃止前の普通鉄道構造規則、新幹線鉄道構造規則、特殊鉄道構造規則、新幹線鉄道運転規則及び鉄道運転規則(以下「旧省令」という。)において、特別の構造又は取扱いの許可(以下「特別許可」という。)を受け、又は附則に基づく経過措置により、特別許可を受けたものとみなされた施設、車両及び取扱いであって、この解釈基準に適合しないものについては、この限りでない。
Q: 本線及び本線の電車線路は車両の＿＿＿＿＿＿で安全に運転することができる状態に保持するため、線区の状況、列車の運行状況に応じて巡視すること。
A:","Context: 本線及び本線の電車線路は車両の所定の速度で安全に運転することができる状態に保持するため、線区の状況、列車の運行状況に応じて巡視すること。巡視の頻度や時期、方法などについては、状況に応じて定めること。 列車が極めて高い速度（130km/h を超え 160km/h 以下）で通過する踏切道は、踏切遮断機、障害物検知装置（自動車が通行する踏切道に限る。）が設けられていること。また、この場合において、自動車が通行する踏切道は大型自動車が通行しないものであること。ただし、やむを得ず大型自動車が通行する踏切道には、二段型遮断装置、大型遮断装置、オーバーハング型警報装置等、踏切の視認性を高める等の大型自動車の踏切支障を有効に防止するための措置を行うこと。#9.施設及び車両の保全
Q: 本線及び本線の電車線路は車両の＿＿＿＿＿＿で安全に運転することができる状態に保持するため、線区の状況、列車の運行状況に応じて巡視すること。
A:",9,穴埋め問題,本線及び本線の電車線路は車両の＿＿＿＿＿＿で安全に運転することができる状態に保持するため、線区の状況、列車の運行状況に応じて巡視すること。,所定の速度
"Context: 無軌条電車以外の鉄道のプラットホームの有効長は、当該プラットホームに発着する列車の最も前方にある旅客車から最も後方にある旅客車（車両に直接接続する形式のホームドアを設ける場合においては、列車の最も前方にある乗降口の前端から最も後方にある乗降口の後端）までの長さのうち最長のものの長さ以上であって、かつ、旅客の安全及び円滑な乗降に支障を及ぼすおそれのないものであること。ただし、当該プラットホームにおける乗降人員が少ない場合であって、列車の運用上やむを得ない場合にあっては、ドア非扱いを行い、かつ、案内放送を行う等の旅客の転落等の危険を防止するための措置を講ずることによりプラットホームの有効長を発着する列車長に対して短くすることができる。 列車が極めて高い速度（130km/h を超え 160km/h 以下）で通過する踏切道は、踏切遮断機、障害物検知装置（自動車が通行する踏切道に限る。）が設けられていること。また、この場合において、自動車が通行する踏切道は大型自動車が通行しないものであること。ただし、やむを得ず大型自動車が通行する踏切道には、二段型遮断装置、大型遮断装置、オーバーハング型警報装置等、踏切の視認性を高める等の大型自動車の踏切支障を有効に防止するための措置を行うこと。#9.施設及び車両の保全 １の係員に対する教育及び訓練の実施、適性、知識及び技能の確認は、当該係員の所属する鉄道事業者（係員が所属している事業者が鉄道事業者以外の場合にあっては、当該作業を委託した鉄道事業者。以下同じ。）が実施要領を定めて行うこととする。ただし、教育及び訓練の実施、適性、知識及び技能の確認の管理を当該鉄道事業者が行う場合は、他の者にこれを行わせることができる。 新幹線の騒音については、新幹線鉄道に係る環境基準(環境省(旧環境庁)告示)によるものとするが、音源対策が騒音の防止または軽減を図る上で最も基本的な施策であり、早期にその達成が困難なことから、環境省(旧環境庁)からの要請により、東海道、山陽、東北、上越の各新幹線については、当面、沿線の住宅の集合度合いに応じ、音源対策により順次75デシベル以下とすることを目標とする。 ただし、廃止前の普通鉄道構造規則、新幹線鉄道構造規則、特殊鉄道構造規則、新幹線鉄道運転規則及び鉄道運転規則(以下「旧省令」という。)において、特別の構造又は取扱いの許可(以下「特別許可」という。)を受け、又は附則に基づく経過措置により、特別許可を受けたものとみなされた施設、車両及び取扱いであって、この解釈基準に適合しないものについては、この限りでない。
Q: 第８８条に関する初回検査では何を用いて実施するか？
A:","Context: 酒気帯びの有無の確認は、目視等によるほか、アルコール検知器を用いて行うこと。ただし、仕業前の確認以降、１(1)の係員が鉄道事業者の管理の下にある場合は、仕業後のアルコール検知器を用いた検査を省略することができる。 第３項の知識及び技能を十分に発揮できない状態のうち、１(1)の係員（本線を支障するおそれのない側線において移動する車両を操縦する係員を除く。６において同じ。）に対する酒気を帯びた状態の確認は、次のとおりとすること。
Q: 第８８条に関する初回検査では何を用いて実施するか？
A:",9,短答問題,第８８条に関する初回検査では何を用いて実施するか？,十分な照明を用いて目視及び打音を行う
"Context: 無軌条電車以外の鉄道のプラットホームの有効長は、当該プラットホームに発着する列車の最も前方にある旅客車から最も後方にある旅客車（車両に直接接続する形式のホームドアを設ける場合においては、列車の最も前方にある乗降口の前端から最も後方にある乗降口の後端）までの長さのうち最長のものの長さ以上であって、かつ、旅客の安全及び円滑な乗降に支障を及ぼすおそれのないものであること。ただし、当該プラットホームにおける乗降人員が少ない場合であって、列車の運用上やむを得ない場合にあっては、ドア非扱いを行い、かつ、案内放送を行う等の旅客の転落等の危険を防止するための措置を講ずることによりプラットホームの有効長を発着する列車長に対して短くすることができる。 列車が極めて高い速度（130km/h を超え 160km/h 以下）で通過する踏切道は、踏切遮断機、障害物検知装置（自動車が通行する踏切道に限る。）が設けられていること。また、この場合において、自動車が通行する踏切道は大型自動車が通行しないものであること。ただし、やむを得ず大型自動車が通行する踏切道には、二段型遮断装置、大型遮断装置、オーバーハング型警報装置等、踏切の視認性を高める等の大型自動車の踏切支障を有効に防止するための措置を行うこと。#9.施設及び車両の保全 １の係員に対する教育及び訓練の実施、適性、知識及び技能の確認は、当該係員の所属する鉄道事業者（係員が所属している事業者が鉄道事業者以外の場合にあっては、当該作業を委託した鉄道事業者。以下同じ。）が実施要領を定めて行うこととする。ただし、教育及び訓練の実施、適性、知識及び技能の確認の管理を当該鉄道事業者が行う場合は、他の者にこれを行わせることができる。 新幹線の騒音については、新幹線鉄道に係る環境基準(環境省(旧環境庁)告示)によるものとするが、音源対策が騒音の防止または軽減を図る上で最も基本的な施策であり、早期にその達成が困難なことから、環境省(旧環境庁)からの要請により、東海道、山陽、東北、上越の各新幹線については、当面、沿線の住宅の集合度合いに応じ、音源対策により順次75デシベル以下とすることを目標とする。 ただし、廃止前の普通鉄道構造規則、新幹線鉄道構造規則、特殊鉄道構造規則、新幹線鉄道運転規則及び鉄道運転規則(以下「旧省令」という。)において、特別の構造又は取扱いの許可(以下「特別許可」という。)を受け、又は附則に基づく経過措置により、特別許可を受けたものとみなされた施設、車両及び取扱いであって、この解釈基準に適合しないものについては、この限りでない。
Q: 静止輪重に影響を及ぼすおそれがある改造を行った場合は、何を直接測定するか？
A:","Context: - 静止輪重に影響を及ぼすおそれがある改造等を行った場合は、輪重を直接測定し、適切な静止輪重比であることを確認すること。 人等が容易に線路内に立ち入ることができない構造であり、かつ、列車の進路を支障する落石などの事態が発生するおそれのない鉄道である場合。ただし、線路上に列車運行上の障害となる事象が発生したことを検知し、自動的に列車を停止できる装置を備える場合その他列車の安全な運転に支障を及ぼすおそれのない措置を講じた場合は、この限りでない。
Q: 静止輪重に影響を及ぼすおそれがある改造を行った場合は、何を直接測定するか？
A:",9,短答問題,静止輪重に影響を及ぼすおそれがある改造を行った場合は、何を直接測定するか？,輪重
"Context: 無軌条電車以外の鉄道のプラットホームの有効長は、当該プラットホームに発着する列車の最も前方にある旅客車から最も後方にある旅客車（車両に直接接続する形式のホームドアを設ける場合においては、列車の最も前方にある乗降口の前端から最も後方にある乗降口の後端）までの長さのうち最長のものの長さ以上であって、かつ、旅客の安全及び円滑な乗降に支障を及ぼすおそれのないものであること。ただし、当該プラットホームにおける乗降人員が少ない場合であって、列車の運用上やむを得ない場合にあっては、ドア非扱いを行い、かつ、案内放送を行う等の旅客の転落等の危険を防止するための措置を講ずることによりプラットホームの有効長を発着する列車長に対して短くすることができる。 列車が極めて高い速度（130km/h を超え 160km/h 以下）で通過する踏切道は、踏切遮断機、障害物検知装置（自動車が通行する踏切道に限る。）が設けられていること。また、この場合において、自動車が通行する踏切道は大型自動車が通行しないものであること。ただし、やむを得ず大型自動車が通行する踏切道には、二段型遮断装置、大型遮断装置、オーバーハング型警報装置等、踏切の視認性を高める等の大型自動車の踏切支障を有効に防止するための措置を行うこと。#9.施設及び車両の保全 １の係員に対する教育及び訓練の実施、適性、知識及び技能の確認は、当該係員の所属する鉄道事業者（係員が所属している事業者が鉄道事業者以外の場合にあっては、当該作業を委託した鉄道事業者。以下同じ。）が実施要領を定めて行うこととする。ただし、教育及び訓練の実施、適性、知識及び技能の確認の管理を当該鉄道事業者が行う場合は、他の者にこれを行わせることができる。 新幹線の騒音については、新幹線鉄道に係る環境基準(環境省(旧環境庁)告示)によるものとするが、音源対策が騒音の防止または軽減を図る上で最も基本的な施策であり、早期にその達成が困難なことから、環境省(旧環境庁)からの要請により、東海道、山陽、東北、上越の各新幹線については、当面、沿線の住宅の集合度合いに応じ、音源対策により順次75デシベル以下とすることを目標とする。 ただし、廃止前の普通鉄道構造規則、新幹線鉄道構造規則、特殊鉄道構造規則、新幹線鉄道運転規則及び鉄道運転規則(以下「旧省令」という。)において、特別の構造又は取扱いの許可(以下「特別許可」という。)を受け、又は附則に基づく経過措置により、特別許可を受けたものとみなされた施設、車両及び取扱いであって、この解釈基準に適合しないものについては、この限りでない。
Q: 第８９条の巡視に関して、巡視の頻度や時期、方法はどのように決めるべきか、具体例を挙げて説明してください。
A:","Context: １の係員に対する教育及び訓練の実施、適性、知識及び技能の確認は、当該係員の所属する鉄道事業者（係員が所属している事業者が鉄道事業者以外の場合にあっては、当該作業を委託した鉄道事業者。以下同じ。）が実施要領を定めて行うこととする。ただし、教育及び訓練の実施、適性、知識及び技能の確認の管理を当該鉄道事業者が行う場合は、他の者にこれを行わせることができる。 新幹線の騒音については、新幹線鉄道に係る環境基準(環境省(旧環境庁)告示)によるものとするが、音源対策が騒音の防止または軽減を図る上で最も基本的な施策であり、早期にその達成が困難なことから、環境省(旧環境庁)からの要請により、東海道、山陽、東北、上越の各新幹線については、当面、沿線の住宅の集合度合いに応じ、音源対策により順次75デシベル以下とすることを目標とする。
Q: 第８９条の巡視に関して、巡視の頻度や時期、方法はどのように決めるべきか、具体例を挙げて説明してください。
A:",9,抽象問題,第８９条の巡視に関して、巡視の頻度や時期、方法はどのように決めるべきか、具体例を挙げて説明してください。,巡視の頻度や時期、方法は、線区の状況や列車の運行状況に応じて決めるべきです。例えば、豪雨や台風の後は線路の状態が悪化する可能性が高いため、通常よりも頻繁に巡視を行い、線路の安全性を確認する必要があります。また、運行が多い時間帯は特に注意を払うべきです。
"Context: 無軌条電車以外の鉄道のプラットホームの有効長は、当該プラットホームに発着する列車の最も前方にある旅客車から最も後方にある旅客車（車両に直接接続する形式のホームドアを設ける場合においては、列車の最も前方にある乗降口の前端から最も後方にある乗降口の後端）までの長さのうち最長のものの長さ以上であって、かつ、旅客の安全及び円滑な乗降に支障を及ぼすおそれのないものであること。ただし、当該プラットホームにおける乗降人員が少ない場合であって、列車の運用上やむを得ない場合にあっては、ドア非扱いを行い、かつ、案内放送を行う等の旅客の転落等の危険を防止するための措置を講ずることによりプラットホームの有効長を発着する列車長に対して短くすることができる。 列車が極めて高い速度（130km/h を超え 160km/h 以下）で通過する踏切道は、踏切遮断機、障害物検知装置（自動車が通行する踏切道に限る。）が設けられていること。また、この場合において、自動車が通行する踏切道は大型自動車が通行しないものであること。ただし、やむを得ず大型自動車が通行する踏切道には、二段型遮断装置、大型遮断装置、オーバーハング型警報装置等、踏切の視認性を高める等の大型自動車の踏切支障を有効に防止するための措置を行うこと。#9.施設及び車両の保全 新幹線の騒音については、新幹線鉄道に係る環境基準(環境省(旧環境庁)告示)によるものとするが、音源対策が騒音の防止または軽減を図る上で最も基本的な施策であり、早期にその達成が困難なことから、環境省(旧環境庁)からの要請により、東海道、山陽、東北、上越の各新幹線については、当面、沿線の住宅の集合度合いに応じ、音源対策により順次75デシベル以下とすることを目標とする。 １の係員に対する教育及び訓練の実施、適性、知識及び技能の確認は、当該係員の所属する鉄道事業者（係員が所属している事業者が鉄道事業者以外の場合にあっては、当該作業を委託した鉄道事業者。以下同じ。）が実施要領を定めて行うこととする。ただし、教育及び訓練の実施、適性、知識及び技能の確認の管理を当該鉄道事業者が行う場合は、他の者にこれを行わせることができる。 ただし、廃止前の普通鉄道構造規則、新幹線鉄道構造規則、特殊鉄道構造規則、新幹線鉄道運転規則及び鉄道運転規則(以下「旧省令」という。)において、特別の構造又は取扱いの許可(以下「特別許可」という。)を受け、又は附則に基づく経過措置により、特別許可を受けたものとみなされた施設、車両及び取扱いであって、この解釈基準に適合しないものについては、この限りでない。
Q: 第８８条のトンネルに関する初回検査について、なぜ十分な照明を用いた目視及び打音が重要か、理由を述べてください。
A:","Context: 新幹線の騒音については、新幹線鉄道に係る環境基準(環境省(旧環境庁)告示)によるものとするが、音源対策が騒音の防止または軽減を図る上で最も基本的な施策であり、早期にその達成が困難なことから、環境省(旧環境庁)からの要請により、東海道、山陽、東北、上越の各新幹線については、当面、沿線の住宅の集合度合いに応じ、音源対策により順次75デシベル以下とすることを目標とする。 酒気帯びの有無の確認は、目視等によるほか、アルコール検知器を用いて行うこと。ただし、仕業前の確認以降、１(1)の係員が鉄道事業者の管理の下にある場合は、仕業後のアルコール検知器を用いた検査を省略することができる。
Q: 第８８条のトンネルに関する初回検査について、なぜ十分な照明を用いた目視及び打音が重要か、理由を述べてください。
A:",9,抽象問題,第８８条のトンネルに関する初回検査について、なぜ十分な照明を用いた目視及び打音が重要か、理由を述べてください。,トンネル内は暗いため、十分な照明を用いることで目視検査を正確に行うことができます。また、打音によって構造物の内部状態を確認することで、目視だけでは見逃しがちな異常を発見することができるため、これらの方法が重要です。
